node1,node2,score
RPS27A,RPS18,1
RPL7A,RPLP2,1
RPLP0,RPS15,1
RPS19,ANXA1,0.0714447
UBA52,RPS26,1
RPS27A,RPS4X,1
RPL38,EIF3CL,0.0443016
RPL7A,RPS27,1
STIP1,RPL3,0.0487875
RPS27,RPS19,1
RPS27A,SERBP1,0.0461561
RPL7A,RPL27,1
EIF3B,RPS8,1
STIP1,RPS25,0.051783
RPL13,SYNCRIP,0.0582333
RPL18A,EIF5B,1
ACTB,RPL12,0.0405485
RPL6,RPS4Y1,1
RPL22,RPL12,1
EIF3G,RPS19,1
RPL23,RPS27,1
G3BP2,RPL3,0.0435399
RPS4Y1,EIF4H,1
RPS7,DDX1,0.194397
RPS6,RPS8,1
RPL26,RPS18,1
ACTR2,RPS16,0.0459334
RPS3,RPL13,1
RPL22,EEF2,0.0427231
HNRNPA0,EIF4B,0.0453219
RPS27A,RPL15,1
PABPC1,RPS26,1
CFL1,RPL7,0.148951
RPS10,EIF3H,1
SNORA67,HDLBP,0.0442983
DDX1,RPS17,0.0424196
RPL18A,RPS17,1
RPS27A,RPL26,1
RPL10,RPL8,1
ACTR2,RPL30,0.0443617
PFN1,YWHAZ,1
RPL5,RPL21,1
RPS17,PGK1,0.0422101
RPL31,RPS3,1
RPL23,EEF2,0.34399
YWHAZ,PPP1CC,1
RPS20,EIF3E,1
RPL38,ETF1,1
RPS17,EEF1A1,1
RPL22,RPL35A,1
RPS4X,RPS12,1
EIF3CL,EIF3I,0.604765
RPL28,RPS27,1
MOV10,RPL21,0.0965947
RPS7,EEF2,0.247409
RPS17,YWHAZ,0.040408
EIF4B,EEF2,0.0425097
RPL10A,EIF3G,0.0440271
RPLP0,RPL28,1
RPL7A,RPL26,1
RPL18,PPP1CB,0.0432568
RPL23A,YBX1,0.16837
DDX1,IGF2BP1,0.178063
HNRNPA1,RPL3,0.1342
RPS2,RPS26,1
RPS12,RPS27,1
RPL23A,FAU,1
RPS17,RPL18,1
MOV10,SYNCRIP,0.19859
RPS5,RPL10A,1
RPL12,RPL7,1
RPS13,UPF1,0.0469902
RPL10A,RPL28,1
RPS2,RPL6,1
RPL22,RPL18,1
ACTR2,RPL18,0.0448852
RPL6,RPS16,1
EIF4G1,RPL11,0.132099
RPS10,EIF3B,1
RPS24,RPL18,1
RPS6,RPLP1,1
RPS2,RPS25,1
RPS10,EIF3G,1
EIF4G1,RPL35,0.0489504
RPL31,RPS4X,1
RPL7A,RPS15,1
ACTR2,CFL1,0.178733
PABPC1,EIF4H,1
RPL14,SYNCRIP,0.0618462
RPS28,RPS16,1
RPS13,RPL18,1
RPS10,RPS23,1
RPS21,RPS15A,1
RPL10A,RPS8,1
RPS15A,RPS4X,1
GPI,RPLP0,0.0446021
RPS15,RPS4X,1
RPL24,PABPC1,0.251314
HNRNPA1,RPL15,0.0430418
RPL30,EIF3I,0.0404175
RPS26,RPL18,1
RPS3A,RPL13A,1
GPI,RPLP2,0.0669662
RPL13,RPL18,1
RPL35,SNORA67,0.0404349
RPL37A,ETF1,1
ANXA1,RPL7,0.0727976
RPS7,RPL7A,1
EIF3CL,RPS28,0.0431373
RPS2,RPL14,1
YBX1,RPS18,0.289671
RPS10,RPLP2,1
RPL27A,RPL35A,1
RPS17,RPS18,1
RPS20,EIF3H,1
HNRNPL,RPS26,0.0548885
HNRNPA0,DDX1,0.239962
RPLP1,EEF2,0.424353
GPI,RPS24,0.0455168
SERBP1,YBX1,0.0515301
RPL11,YBX1,0.36911
STIP1,EIF5B,0.0482244
RPL22,RPS26,1
EIF3H,RPL13A,1
RPS5,RPS14,1
RPL10A,EIF5B,1
EGFR,HNRNPA1,0.0435555
HNRNPA2B1,RPL14,0.0431714
RPS2,RPL15,1
PCBP2,RPL21,0.0751438
RPL27,PPP1CC,0.326422
RPS5,PCBP2,0.0706464
SYNCRIP,RPL7,0.0614424
RPS2,RPL27A,1
RPLP1,RPS12,1
RPL23,RPL13A,1
HNRNPA2B1,RPS20,0.0432436
RPS9,CFL1,0.0432212
PCBP2,UPF1,0.0778717
RPS15,RPS19,1
RPS2,PABPC1,1
RPS14,RPS20,1
MOV10,RPL6,0.090646
RPL23A,RPS19,1
EIF3CL,RPS8,0.148385
RPS20,SERBP1,0.0907899
RPS4X,RPL18,1
RPS17,RPS2,1
RPL11,ANXA1,0.0676806
RPS19,RPL8,1
RPL7A,RPL9,1
GPI,RPL10A,0.0458264
RPS24,RPS20,1
IGF2BP1,IGF2BP2,0.0519083
DDX3X,PPIA,0.0424439
RPS4Y1,RPS8,1
EIF3E,SERBP1,0.0644033
RPS16,RPS27,1
STIP1,RPL23A,0.0502294
RPL28,RPL19,1
RPL26,UBA52,1
G3BP2,PABPC1,0.165252
RPL31,RPLP2,1
RPL6,PCBP2,0.0729756
EIF4G1,UPF1,0.130135
ETF1,RPL9P7,1
RPS14,RPLP0,1
ACTB,RPL36,0.0405386
RPS9,RPL18,1
RPL38,STIP1,0.0534151
EIF3CL,EIF5B,0.397719
SNORA67,RPL35A,0.0429755
RPL38,RPL28,1
RPL7A,YBX1,0.274011
RPL7A,RPS26,1
RPS16,RPS9,1
HNRNPA2B1,PCBP2,1
RPL37A,RPS28,1
RPS3A,RPL30,1
EGFR,RPL4,0.0412869
ACTB,EIF1AY,0.414474
RPL18A,MOV10,0.0866143
RPS23,YBX1,0.176731
RPL35A,RPS18,1
DDX3X,RPL19,0.0418527
EIF3CL,UBA52,0.0433572
RPL18A,HNRNPA2B1,0.0423247
RPS27,RPS29,1
RPL10A,RPL9P7,1
RPS24,RPS26,1
RPL31,RPL3,1
RPS17,RPL27A,1
RPS11,RPL3,1
RPS20,YBX1,0.163551
RPS23,SYNCRIP,0.0545618
RPS23,RPS25,1
RPS2,RPS15A,1
RPS4Y1,RPL7,1
YBX1,RPL12,0.142699
PPIA,EEF1A1,0.124993
HNRNPA1,UBA52,0.267631
RPS10,RPL7,1
EIF4G1,RPL27A,0.0411774
RPS28,ACTR2,0.0489317
RPS2,RPS24,1
ACTR2,RPS8,0.0440169
RPL36,CNBP,1
RPS25,RPS27,1
RPS27,RPL15,1
EIF5B,FAU,1
RPL13,RPS3A,1
RPL5,HDLBP,0.0417324
HNRNPA1,RPL27A,0.0440308
RPS14,HNRNPA1,0.19502
RPS4Y1,RPS27,1
RPLP1,RPL23,1
RPL10A,RPS26,1
RPS3,RPS17,1
RPL27,RPS4Y1,1
G3BP1,CFL1,0.0428861
RPS17,RPS16,1
RPS15,RPL18,1
ANXA1,UBA52,0.0659809
RPL18A,RPL4,1
RPS11,RPS18,1
HNRNPA2B1,RPS4X,0.147361
RPLP2,EEF2,0.395656
PATL1,RPS4X,0.0420176
RPL13,RPS7,1
RPLP0,YWHAZ,1
RPL5,RPL9P7,1
RPS11,RPS17,1
SYNCRIP,RPL8,0.0560482
RPS4Y1,RPS26,1
RPLP1,FAU,1
RPL37A,RPS7,1
RPSAP15,ANXA1,0.0692184
RPS9,RPS15A,1
HNRNPA1,RPL22,0.360232
RPL13,PCBP2,0.068642
RPS8,RPS19,1
RPL27,RPL13A,1
RPS5,RPS6,1
RPS18,RPL10,1
EIF3B,EIF5B,1
RPS27,EIF4H,1
RPS7,YWHAZ,1
RPL24,RPS26,1
PCBP2,RPL28,0.0866382
YWHAZ,RPL8,1
RPS5,RPLP1,1
RPS25,RPL13A,1
IGF2BP1,RPS17,0.0425433
RPL37A,RPL30,1
RPLP1,RPS27,1
RPS2,RPS27,1
RPS5,RPL11,1
IGF2BP1,HNRNPA1,0.189581
HNRNPL,YBX1,1
RPL35,RPL22,1
RPL13,RPL24,1
EIF4B,RPS19,1
RPS27,RPL35A,1
RPL36A,RPS19,1
UPF1,PABPC1,1
RPL13,RPL11,1
GPI,RPS19,0.0552948
RPS2,RPL13,1
RPS16,EEF1A1,1
PCBP2,RPL19,0.0744947
ACTB,RPL6,0.3854
PGK1,SNORA67,0.350255
RPS9,RPL15,1
RPL7A,RPS4Y1,1
RPL6,YBX1,0.140451
RPL18A,PPP1CC,0.324522
RPL7A,RPS26,1
RPL31,RPL24,1
SNORA67,FAU,1
GPI,PGK1,0.180255
CFL1,EEF2,0.129433
RPL36,EIF4B,0.0430748
ACTB,RPS15A,0.10667
RPL23A,RPL11,1
RPL13,RPL7A,1
EIF3B,RPS16,1
RPS27A,RPS17,1
RPS28,RPS15,1
EIF3H,RPS26,1
ACTR2,RPL27A,0.0459449
RPS13,RPL10,1
DDX1,SNORA67,0.0449193
RPS28,RPS27A,1
RPL26,RPS21,1
RPLP1,RPS9,1
RPL31,RPL27A,1
RPL4,RPL18,1
RPL38,RPL10,1
RPL18A,RPL13A,1
EIF4B,RPL23,0.0469658
RPS23,RPL4,1
RPL9P7,RPL3,1
RPL37A,RPL27,1
RPS17,RPL10,1
RPS28,RPL18,1
RPS18,RPS27,1
EIF3B,PABPC1,1
RPL3,RPL13A,1
RPS21,RPS19,1
RPL24,RPSAP15,1
HNRNPA1,CFL1,0.159138
ETF1,RPL9,1
RPL23A,CNBP,1
PPIA,RPL7,0.163404
RPS3,RPS4Y1,1
RPS27A,EIF3H,1
RPL31,HDLBP,0.0417453
RPS20,RPS27,1
RPL36,RPS4X,1
RPL31,UPF1,0.0410172
RPL28,RPS26,1
RPS3,RPL24,1
PPIA,RPL27,0.0438282
RPS3,EIF3I,1
RPL23,RPL35A,1
RPL13,RPS21,1
RPS8,PGK1,0.131094
CNBP,RPL35A,1
RPS20,SNORA67,1
RPL36A,RPS24,1
RPL36,RPL35A,1
RPS23,EIF4B,1
RPL36A,RPL15,1
RPL10A,RPS15A,1
RPL36A,RPS7,1
RPL7A,RPL14,1
RPS5,RPL35,1
RPL28,EEF2,0.0441789
UPF1,EEF2,0.0405092
RPL9,RPS21,1
RPS23,RPS27,1
RPS21,RPS27,1
RPL6,RAB7A,0.042861
RPS4X,ANXA1,0.0663825
RPL23A,RPL28,1
IGF2BP2,EIF3E,0.0539663
RPS17,DDX1,0.0424196
RPL36,RPS15,1
RPL6,PPIA,0.0427967
RPL35,YBX1,0.144491
EEF1A1,CCT3,0.0465313
RPS13,RPL14,1
RPS5,RPL27A,1
RPS15A,RPL10,1
RPLP1,RPL26,1
RPS25,RPL15,1
YWHAZ,RPL19,1
RPL4,RPS27,1
RPS27,PPP1CC,1
IGF2BP1,ACTA2,0.115548
RPS2,RPL35A,1
EIF3CL,RPL11,0.0428808
STIP1,RPS27A,0.317355
RPS10,RPL9P7,1
RPS9,RPS26,1
RPS11,RPS2,1
RPL24,RPL28,1
RPSAP15,RPL30,1
RPS27A,SNORA67,1
RPSAP15,FAU,1
ACTB,PGK1,0.171211
RPL27,RPS29,1
PCBP2,RPL7,0.0757773
EIF3G,RPS8,1
RPS8,RPL12,1
RPL37A,RPS12,1
FAU,RPL10,1
RPL27A,RPS26,1
EIF4B,RPL26,0.0431516
RPS28,EEF2,0.135625
EIF3H,RPS12,1
RPS27A,RPL24,1
RPL7A,RPS19,1
RPL21,RPL13A,1
EIF4B,RPL30,0.0426217
RPL30,RPS26,1
RPS27A,RPS25,1
RPS7,RPS27,1
RPL18A,RPS17,1
GPI,RPL9P7,0.0458051
EIF4B,EIF3E,1
RPL10A,RPL14,1
EGFR,RPS3A,0.0416056
RPS7,SYNCRIP,0.0582871
RPS6,RPL3,1
EIF3CL,EIF3G,0.605023
RPS5,RPS29,1
RPL11,RPL8,1
HNRNPL,PABPC1,0.19318
RPL6,RPL10A,1
RPL35,RPS8,1
PABPC1,RPS27,1
EIF3G,EIF3H,1
STIP1,EIF3G,0.0517384
RPS16,RPS19,1
HNRNPA0,RPS13,0.0425999
RPL31,RPS21,1
RPL31,RPL14,1
RPL6,RPL15,1
RPL3,HDLBP,0.122999
EIF3CL,RPL30,0.0427463
RPL26,RPL8,1
EIF3B,RPL22,0.0577278
G3BP2,HNRNPA0,0.0483953
SERBP1,RPL7,0.0513298
RPS3,RPS16,1
RPS28,RPL10A,1
RPS2,RPSAP15,1
RPL24,EEF2,0.263383
RPS3,RPS8,1
PPP1CB,RPS26,0.0460315
G3BP2,RPL15,0.0454204
G3BP1,DDX3X,0.0579771
RPL5,RPS26,1
RPL6,RPS15A,1
RPL38,EIF3I,0.0414016
RPS13,RPL21,1
RPL9,RPL28,1
RPS11,EGFR,0.0424018
RPS4X,RPL30,1
RPS24,RPL4,1
RPS19,SNORA67,1
RPS27A,RPL7A,1
HNRNPA2B1,RPLP2,0.301513
RPS24,EIF4B,1
EGFR,RPL10,0.0423328
RPL23A,RPSAP15,1
RPL21,SNORA67,0.0425682
STIP1,RPS8,0.0485097
PPIA,CFL1,0.388715
ACTB,RPL28,0.327583
RPL36,RPL27A,1
ETF1,RPL19,1
ACTB,PPIA,0.218988
RPS17,RPS29,1
EGFR,RPS18,0.0426275
RPL23,RPL4,1
RPL24,RPL21,1
FAU,EIF3I,1
RPL31,RPS27A,1
RPL27A,RPL13A,1
RPS6,RPLP0,1
IGF2BP1,EEF2,0.172645
RPL18A,RPSAP15,1
RPS20,RPS9,1
RPL13,UBA52,1
RPL9,RPL35A,1
RPS23,RPS5,1
RPL7A,SNORA67,0.0400331
RPS27A,RPL9P7,1
RPL36,HNRNPA2B1,0.132121
RPS13,RPL7,1
RPL9,RPS4Y1,1
EIF4G1,EIF4H,1
IGF2BP1,RPL28,0.180178
EEF1A1,RPL21,1
G3BP2,RPS3A,0.0430748
RPS4Y1,RPL35A,1
RPS2,RPLP1,1
RPL24,RPL23A,1
RPS20,RPL28,1
RPL7A,EEF1A1,1
PABPC4,EIF4B,0.054542
RPL38,RPL9,1
ACTB,DDX1,0.14592
RPL38,RPS15A,1
RPL22,RPL30,1
RPL4,UBA52,1
DDX1,EIF3E,0.0514146
RPS16,RPS20,1
STIP1,RPL14,0.0511694
RPS11,RPL24,1
RPL26,RPS15A,1
RPL31,RPL22,1
RPS8,RPL21,1
RPL18,RPL10,1
RPL11,RPL10,1
RPL31,RPSAP15,1
RPS17,RPS12,1
EIF3CL,RPS7,0.0426879
RPS3A,RAB1A,0.0435653
RPL31,RPLP1,1
EEF1A1,RAB7A,0.0411042
PABPC1,RPL28,0.355401
G3BP2,RPL7,0.0453229
RPL15,YBX1,0.142876
RPL5,RPLP2,1
RPL35,RPL30,1
RPS5,RPS15,1
RPL6,RPL22,1
EIF3B,RPS14,1
RPS10,RPL9,1
RPS15A,PPP1CB,0.0429941
RPS27A,YWHAZ,1
IGF2BP1,RPS9,0.0465801
UPF1,GSPT1,1
RPL31,RPL5,1
RPL18,RPL12,1
RPL31,YBX1,0.286105
GPI,RPL10,0.0442571
RPL9P7,RPS9,1
RAB1A,RAB6C,0.544032
RPS23,RPL10,1
RPS13,RPL27,1
RPL10A,EIF3I,0.0409279
RPL6,RPS6,1
RPL38,RPS16,1
RPS15A,RPL7,1
RPS2,FAU,1
RPL23,PPP1CB,0.0443474
RPS23,PABPC1,1
GPI,UBA52,0.0644737
ACTR2,HNRNPA2B1,0.0457538
RPS3,PGK1,0.0485192
RPS29,UBA52,1
RPS23,RPL11,1
RPS16,RPL3,1
RPS4Y1,EIF5B,1
RPS28,RPS14,1
MOV10,HNRNPL,0.156639
EIF4G1,RPS4Y1,1
RPS24,RPLP0,1
RPL26,RPL35A,1
RPL18A,RPS3,1
GPI,RPS6,0.0441202
RPS7,RPL4,1
RPS13,IGF2BP1,0.134369
UPF1,RPL21,0.0477719
RPS8,PATL1,0.0416098
EIF3B,EIF3I,1
RPS14,RPS26,1
RPLP0,PPP1CC,0.322102
RPS2,EIF5B,1
RPL18A,IGF2BP1,0.0452502
RPL35,RPL10,1
RPS5,RPL8,1
RPL36,RPS13,1
RPS8,EEF2,0.393205
RPS17,RPLP1,1
RPL5,PATL1,0.0424183
RPLP0,EIF3I,0.138638
RPS13,RPL27A,1
RPS20,RPS18,1
RPS28,RPS6,1
RPS2,RPS21,1
RPL7A,HNRNPL,0.050436
RPL31,CNBP,1
RPS6,RPS29,1
EEF1A1,GSPT1,0.0422919
RPL27,RPS8,1
HNRNPA1,RPL28,0.0465079
RPS7,RPL10A,1
RPL23A,RPL8,1
RPL36,SNORA67,0.115063
RPS4Y1,RPS9,1
RPS16,RPS6,1
RPL11,RPL3,1
PPIA,EIF3I,0.0427338
RPL28,RPS15A,1
RPS7,RPS25,1
RPS15,RPL8,1
RPS13,RPS25,1
RPS16,RPS12,1
RPS10,RPS16,1
RPS16,RPL35,1
DDX1,PABPC1,0.0418511
RPSAP15,HDLBP,0.0418135
G3BP2,RPL14,0.0458031
RPL3,RPL18,1
RPS3A,RPLP2,1
RPL7A,RPLP1,1
RPL23,RPS8,1
RPL36A,RPL22,1
RPS24,RPL28,1
RPL38,RPL22,1
RPS9,RPLP2,1
RPL18A,RPS21,1
RPS16,RPS15,1
RPS27,RPL30,1
RPL37A,RPS4X,1
RPL23A,RPS8,1
RPL31,RPL6,1
RPS6,EEF2,0.412721
RPL7A,RPL12,1
STIP1,RPS14,0.0503503
RPS3,RPL3,1
RPL15,RPL8,1
RPL31,RPL23,1
EEF1A1,RPS27,1
RPS4X,GSPT1,0.043721
DDX3X,YBX1,0.293103
RPS5,RPL30,1
PABPC4,RPS8,0.0474074
EIF3E,RPS26,1
PCBP2,RPS8,0.0682657
RPS3,RPL10,1
ACTB,RPL23,0.0993957
RPS10,RPS3A,1
ACTR2,RPS15A,0.0446137
RPS14,RPL35A,1
ANXA1,RPS18,0.0693177
IGF2BP1,RPL23,0.0470959
EIF3B,RPL9,0.043943
RPS11,RPL28,1
RPS27,RPS4X,1
RPL23A,PPIA,0.0445332
RPS17,RPL4,1
RPS15A,RPS26,1
ACTB,RPS20,0.260539
RPLP2,RPL30,1
EIF3CL,RPS3,0.0420484
RPL18A,FAU,1
RPL36,RPS18,1
RPS23,EEF1A1,1
RPS14,HNRNPA2B1,0.0430568
RPL31,RPL28,1
RPL4,RPL7,1
RPS5,RPLP2,1
RPL4,RPS29,1
ACTB,RPL8,0.135328
RPL38,RPL18,1
RPS3,RPLP2,1
RPS28,RPS7,1
EIF4B,CFL1,0.0462593
DDX1,RPS6,0.0428431
RPS20,PABPC1,1
RPS24,RPL27A,1
RPS17,RPS8,1
STIP1,RPL13,0.0516039
DDX3X,ANXA1,0.0698036
DDX3X,HNRNPA1,0.31663
RPS14,UBA52,1
RPS15,RPS25,1
RPS28,RPL24,1
RPS3,RPL13A,1
RPL35A,RPL13A,1
HNRNPL,RPL8,0.0514648
RPS27,RPS26,1
RPSAP15,RPL19,1
RPL10A,RPS12,1
RPL10A,EEF1A1,1
EIF4B,RPS26,1
RPS2,RPS29,1
EIF4G1,RPL10,0.0413873
RPS3,EGFR,0.0414456
RPL36A,RPL24,1
RPS9,YBX1,0.166649
GPI,EIF4G1,0.0560447
RPL36,RPS17,1
ACTB,RPS17,0.217895
RPL5,RPS12,1
RPL7A,SYNCRIP,0.0535703
RPL36A,RPL10A,1
IGF2BP1,RPL22,0.0443694
EIF3CL,RPS3A,0.042195
PPIA,RPL23,0.0451134
DDX3X,EEF2,0.0409049
RPL36,EIF5B,1
EIF3E,RPS21,1
ACTB,RPL19,0.300998
PABPC1,RPS25,1
RPL4,SYNCRIP,0.0542191
RPS16,RPL9P7,1
RPLP1,RPL13A,1
ATP1A1,EIF3I,0.0466124
RPS27A,RPL30,1
MOV10,RPS26,0.108006
PABPC4,YWHAZ,1
RPL37A,RPS10,1
RPS29,EIF4H,1
RPL19,RPL8,1
USO1,RPL30,1
RPL38,RPLP2,1
RPS7,EIF4B,1
RPS4X,UBA52,1
EEF1A1,RPS26,1
RPL27,RPS15,1
RPS6,RPS21,1
RPS10,RPL22,1
EIF3CL,RPL10,0.0434048
RPS11,RPL5,1
RPS16,RPL35A,1
RPL35A,RPL8,1
YBX1,RPL10,0.045784
RPS24,RPL6,1
RPS18,RPS26,1
RPS25,RPL12,1
RPL9,PGK1,0.0533193
DDX1,RPS20,0.218374
RPS29,RPL12,1
RPS6,EEF1A1,1
HNRNPA1,RPS17,0.0426634
RPS15,RPL14,1
RPLP0,PABPC1,0.369217
RPL6,RPS26,1
RPS27A,RPL3,1
RPLP1,RPS26,1
ACTR2,EEF2,0.0451091
RPS17,CFL1,0.0425799
EEF1A1,RPS21,1
DDX3X,RPS17,0.0415756
HNRNPA0,PCBP2,1
RPS26,SYNCRIP,0.064941
RPS23,RPL5,1
GPI,RPL9,0.0458051
RPS15A,RPS29,1
RPL36A,RPL26,1
RPS23,EGFR,0.0443741
RPS3A,PGK1,0.28955
RPS25,YBX1,0.0585984
RPL37A,RPL19,1
RPL38,RPL13A,1
RPS3,RPL7A,1
RPS3,RPL4,1
RPS3A,EEF2,0.398442
RPS5,RPL27,1
RPLP0,GSPT1,0.172897
RPL28,RPL4,1
RPL14,RPL8,1
RPL38,EIF4B,0.048641
EIF3E,FAU,1
RPS14,HNRNPL,0.0627038
EGFR,PPIA,0.0454959
RPL24,RPS15,1
PABPC1,RPS4X,1
RPS20,RPSAP15,1
RPS5,RPL9,1
EGFR,RPS9,0.0428309
RPS28,RPS20,1
RPS23,RPLP2,1
RPL5,RPS15A,1
RPS10,RPL13A,1
RPS14,RPL35,1
RPS28,RPS23,1
PFN1,ACTB,1
RPSAP15,RPL13A,1
PPIA,RPS4X,0.0423733
PABPC4,RPLP0,0.0470553
RPL7A,CFL1,0.0424214
RPL13A,RPS27,1
RPLP1,RPS26,1
RPL36,RPS3,1
PABPC1,HDLBP,0.632042
RPL11,RPS27,1
DDX3X,EIF4B,0.0438256
RPS5,RPL23,1
RPS25,RPS27,1
RPL18A,RPS4Y1,1
RPS3,PPP1CB,0.0419824
PPIA,RPS26,0.0473895
APOE,RPS14,0.0960669
RPSAP15,RPL10,1
RPLP1,EIF5B,1
RPS13,RPL10A,1
RPL36,RPL12,1
RPS28,RPS26,1
RPL24,RPS8,1
G3BP2,RPS17,0.0444246
IGF2BP1,PPIA,0.0435342
RPS20,RPL10,1
RPL11,RPS8,1
RPS10,RPL18,1
RPL31,RPL13A,1
RPL24,SNORA67,0.0436816
RPS27,RPS26,1
ACTB,CFL1,1
RPS11,EEF2,0.408452
RPS7,EIF3B,1
RPL37A,RPS6,1
RPL26,RPS27,1
RPS10,RPL24,1
RPL31,DDX1,0.16063
RPS24,RPL30,1
RPS23,RPS6,1
RPL35,RPL4,1
EGFR,RPL3,0.0419376
RPL6,RPLP0,1
EIF4G1,RPS9,1
HNRNPA2B1,HNRNPL,1
PABPC4,CFL1,0.0499455
RPS28,EIF4H,1
HNRNPA0,RPL28,0.0463511
HNRNPL,RPL23,0.0529072
RPS11,HNRNPA2B1,0.0430132
RPL38,RPL12,1
RPL6,HDLBP,0.126701
ETF1,RPL7,1
RPS3,RPL23,1
EEF1A1,PGK1,0.280834
RPS4Y1,RPL13A,1
RPLP0,RPS25,1
RPL35,RPS19,1
RPL11,RPL13A,1
ACTR2,RPL24,0.0463676
RPS8,FAU,1
EIF4G1,CCT3,0.0434135
RPS3,RPL9,1
RPS15A,HDLBP,0.041595
STIP1,RPS17,0.0497154
RPL18A,UPF1,0.0477091
HNRNPA2B1,RPL4,0.119796
RPL11,RPS18,1
RPS3A,RPS13,1
RPLP0,RPL7,1
RPL31,RPS29,1
RPL36A,RPS11,1
PABPC1,RPS15,1
RPS23,RPS19,1
SERBP1,RPL18,0.049697
RPS11,RPL35A,1
PGK1,RPS29,0.061017
RPS14,CFL1,0.0429651
RPL36,RPLP0,1
EIF3CL,RPL35A,0.0424765
EIF3CL,ACTR2,0.0454798
RPS24,RPS26,1
RPS11,PPP1CB,0.0431347
RPL23A,UPF1,0.0479105
RPL3,RPL28,1
HNRNPL,UBA52,0.0499715
ANXA1,YBX1,0.0719747
UPF1,RPS26,0.0489804
RPS28,RPL26,1
RPL27,RPL4,1
HNRNPA2B1,RPL23,0.0440106
RPLP2,RPS29,1
HNRNPL,YWHAZ,1
EIF3CL,RPS16,0.0431514
RPL13,RPL30,1
HNRNPA2B1,RPL10,0.0428797
RPS25,RPL35A,1
RPLP0,EIF4B,0.0431114
RPL36A,RPL13A,1
YBX1,UBA52,1
RPL28,RPS29,1
RPS13,RPL9,1
RPL5,EEF1A1,1
EIF3H,RPSAP15,1
RPS14,RPL23,1
HDLBP,RPL10,0.0412498
RPLP2,RPL12,1
RPL38,RPL7A,1
YWHAZ,SNORA67,1
RPL11,RPS4Y1,1
EIF3B,RPL7,0.0567243
RPS14,RPSAP15,1
RPS6,RPLP2,1
RPL13,RPL22,1
RPLP2,RPS12,1
RPL28,UBA52,1
RPS7,RPL18,1
EIF4G1,RPS26,1
ETF1,RPLP0,1
CFL1,PPP1CB,0.0439253
G3BP2,RPL12,0.0443422
RPS24,ETF1,1
HNRNPA0,RPS3,0.0421349
G3BP2,RPL31,0.0444226
RPL19,RPL15,1
RPS3,RPL10A,1
RPL19,RPS29,1
RPLP2,RPL10,1
HNRNPA2B1,RPL7,0.308947
EIF4H,RPL13A,1
RPL35,RPL28,1
EIF3CL,RPS10,0.0434301
RPLP0,RPS26,1
RPL38,RPS9,1
RPS17,STIP1,0.0497154
DDX3X,RPS8,0.13868
RPL3,EIF3I,0.0416163
RPL11,EIF3G,0.0432522
RPLP1,RPL30,1
RPL36,RPL8,1
RPS10,RPL30,1
RPS27A,SYNCRIP,0.0526322
RPL38,RPS28,1
ETF1,RPS4X,1
RPS27A,PPP1CC,0.0504406
RPS4X,RPL7,1
RPL23A,RPL7,1
RPL36A,RPS4X,1
RPL26,RPL10,1
CFL1,EEF1A1,0.114741
EIF5B,RPL30,1
RPLP1,RPL27A,1
RPL24,RPS12,1
RPS2,RPL27,1
RPS11,RPSAP15,1
RPS24,RPL23,1
DDX3X,RPL22,0.165366
RPS3,RPS15A,1
RPS6,RPL19,1
RPL27A,SNORA67,0.0436618
HNRNPL,RPL22,0.0661981
RPS10,HNRNPA1,0.0561973
RPS8,RPL35A,1
PPP1CC,RPL12,0.0404454
MOV10,RPS3A,0.0827313
RPL26,RPL13A,1
RPL14,RPL35A,1
RPL13,IGF2BP1,0.0455385
RPL18A,RPS7,1
RPL13,RPS9,1
RPL11,HDLBP,0.0418349
RPS3,RPS15,1
EIF3B,RPL26,0.0417831
EIF5B,RPS15A,1
STIP1,RPL27A,0.0511288
RPL36A,RPL7,1
RPL24,RPS15A,1
RPS5,RPL7A,1
RPL23,RPSAP15,1
ACTA2,YBX1,0.113796
RPL5,RPSAP15,1
DDX3X,EIF3I,0.166835
RPL36,RPL11,1
RPL13,FAU,1
RPL37A,EIF4G1,0.0526034
RPL11,RPSAP15,1
RPS23,RPS15,1
RPS13,EIF3G,1
RPS25,RPL26,1
RPS7,RPL11,1
HNRNPA2B1,RPL22,0.183623
RPL36A,RPL21,1
G3BP2,RPLP0,0.0429453
RPL7A,RPS4X,1
RPS24,PABPC1,1
ETF1,RPL15,1
RPS6,RPL4,1
RPL31,HNRNPA2B1,0.143831
PABPC4,DDX1,0.0524731
RPS19,RPS26,1
G3BP1,RPL22,0.0442582
RPS5,PPIA,0.0445162
RPL9,RPLP1,1
RPS7,RPL35,1
RPL36,RPS4Y1,1
RPS11,RPL15,1
RPS16,RPL15,1
RPSAP15,RPS12,1
RPS14,RPS18,1
RPS25,RPS4X,1
RPS24,RPL7A,1
RPS23,RPS26,1
RPL24,EEF1A1,1
RPS17,RPS18,1
RPLP0,RPL14,1
RPL31,RPS20,1
RPS27A,RPL19,1
ACTB,HNRNPA0,0.0415489
RPL38,PABPC1,0.135087
RPL23,UBA52,1
RPS13,RPS15A,1
ACTB,GPI,0.0519973
RPS11,RPS15,1
HNRNPA2B1,RPL24,0.0441882
RPL5,FAU,1
RPL36A,RPLP2,1
RPS27A,RPL9,1
RPL23A,RPL10,1
EIF4B,RPSAP15,1
RPLP0,RPL26,1
RPS4Y1,RPS12,1
RPL27,PABPC1,0.244432
RPLP1,RPL14,1
RPS24,RPS8,1
RPL18,RPS18,1
RPSAP15,RPS4X,1
RPS19,RPLP2,1
RPL31,PGK1,0.0490579
RPS27A,RPL7,1
RPL5,RPL7,1
MOV10,RPL4,0.0806266
RPS19,RPL28,1
RPS3A,DDX1,0.153163
RPL36,RPL31,1
RPL35,EIF5B,1
RPL26,RPL21,1
RPL7A,EIF3I,0.246024
RPS13,SERBP1,0.048971
RPL11,EIF5B,1
RPL13,RPS19,1
RPL31,RPS24,1
RPS14,RPS29,1
RPL28,FAU,1
RPL28,RPL8,1
SNORA67,RPS26,1
RPS18,PPP1CB,0.0434044
STIP1,RPL10,0.0502876
RPL23A,RPS4X,1
UBA52,CCT3,0.0469028
RPS6,SYNCRIP,0.0593628
RPS13,ANXA1,0.0685071
RPS14,RPL26,1
EGFR,RPL26,0.0427313
EIF3B,RPLP0,0.170739
RPS3,RPS5,1
RPS3,RPS27A,1
RPS11,RPS4X,1
RPS2,RPS23,1
RPS3A,ETF1,1
RPS28,HNRNPA1,0.0463197
RPS3,RPL14,1
RPS5,RPS12,1
RPL10A,RPS20,1
RPS17,RPL35,1
RPS3A,RPL5,1
HNRNPA1,RPL12,0.141718
RPS21,RPL13A,1
RPL18A,RPS20,1
RPL15,RPL10,1
ETF1,RPS8,1
UPF1,RPL23,0.0476354
RPL27,FAU,1
RPL37A,RPS5,1
RPS16,RPS26,1
PABPC1,RPL7,0.266971
RPL24,RPS29,1
RPL13,RPS6,1
RPL13,RPS4Y1,1
RPL7A,RPL7,1
EEF2,RPL7,0.379015
RPL18A,EEF1A1,1
RPL18A,RPS26,1
USO1,SCFD1,1
RPS14,RPL8,1
EIF5B,RPL27A,1
RPL6,RPL9P7,1
RPL37A,RPS2,1
RPS27A,RPS19,1
ACTR2,RPS26,0.047384
RPS3,EIF3G,1
EIF3E,ANXA1,0.0783924
RPS24,EIF5B,1
PCBP2,RPL23,0.0733704
G3BP2,RPL22,0.0472624
PCBP2,RPL10,0.0686993
RPL37A,RPL35,1
RPL7A,RPLP0,1
RPL24,EIF3I,0.0407592
RPL31,RPL19,1
RPL38,YBX1,0.048055
RPS25,UBA52,1
RPS4X,EEF2,0.36129
RPS16,RPL28,1
EIF4B,EIF3I,1
RPS4Y1,RPL26,1
RPS11,RPL30,1
EIF4G1,RPL8,0.0417186
RPL21,RPL14,1
ACTB,RPS27,0.0577626
CFL1,RPL30,0.126661
ACTB,G3BP1,0.154422
RPS13,RPL35A,1
HNRNPL,RPS8,0.0510261
EIF3CL,RPL3,0.042263
RPL3,RPS27,1
RPL27,GSPT1,0.0441597
PGK1,RPL30,0.134719
RPS18,EIF3I,1
EIF5B,RPS12,1
HNRNPA0,PABPC4,0.0543995
RPS17,FAU,1
RPL24,RPL18,1
RPL23,RPS26,1
RPS23,RPL23A,1
RPL5,PGK1,0.326176
RPS17,RPL8,1
RPS20,EIF3I,1
RPS9,RPL23,1
ACTB,CNBP,0.126769
RPS28,RPS3,1
RPS28,RPL11,1
RPL35,PPIA,0.0437953
ACTR2,UBA52,0.132928
RPL24,RPL12,1
RPL35,RPS25,1
RPS17,RPL23,1
RPL18A,RPS28,1
STIP1,RPS19,0.0506051
RPL19,RPS27,1
DDX1,EEF2,0.0422735
RPL38,RPLP0,1
RPS13,RPL30,1
EIF4B,PPIA,0.0468036
RPS23,RPS15A,1
RPL27,EEF1A1,1
RPL36,RPL4,1
RPLP0,SND1,0.134337
RPS7,GSPT1,0.044065
RPL35A,RPL12,1
RPS23,IGF2BP1,0.0470674
RPS17,YBX1,0.0433526
PPIA,RPL30,0.144916
RPS15,RPL26,1
RPL27,RPL21,1
RPL37A,RPL26,1
RPL10A,RPL24,1
RPLP0,RPL19,1
RPS12,EIF3I,1
RPS21,RPS27,1
RPL38,ATP1A1,0.0471162
RPS3A,PPP1CC,0.318904
RPL7A,RPL28,1
RPL3,RPS21,1
RPL6,RPS25,1
DDX1,RPL9P7,0.0596348
RPL27A,RPS4X,1
RPL36A,RPS4Y1,1
RPL10A,RPL7,1
RPS2,RPLP0,1
PPIA,RPL4,0.13392
RPS10,RPL35A,1
RPL37A,RPS15A,1
RPL13,RPL9P7,1
HNRNPL,RPS18,0.0646
RPS28,RPL35A,1
EIF4G1,RPS26,1
RPS17,RPL12,1
RPS24,EEF1A1,1
RPL7A,HNRNPA1,0.155563
ETF1,RPL23A,1
RPS17,EIF3B,1
RPS23,PGK1,0.0499616
RPL36,RPS7,1
RPL35,RPS15,1
G3BP2,RPS6,0.0446999
ACTR2,RPS27A,0.133253
RPS19,UBA52,1
RPL18A,RPL7A,1
EIF4B,RPS15,1
RPS19,RPS27,1
RPL18A,RPS14,1
EIF3B,RPLP2,0.0459376
ATP1A1,EIF3E,0.0516423
PABPC4,RPLP2,0.0487308
RPL27,RPL9P7,1
ACTB,RPS17,0.217895
RPL19,RPLP2,1
RPL6,EIF3B,0.0420612
PPIA,PABPC1,0.137026
RPS26,UBA52,1
RPS20,RPL12,1
RPS15,EIF4H,1
PABPC1,SNORA67,1
RPL19,RPL18,1
RPL35,RPS27,1
RPL3,PPP1CB,0.0425488
RPS3,PCBP2,0.0658778
EIF3B,EIF3E,1
RPS11,UBA52,1
RPS14,RPL15,1
RPL5,RPL14,1
USO1,RPL7,1
PCBP2,RPL12,0.0719817
RPS14,EIF4G1,1
RPS5,HNRNPL,0.0525528
RPS26,RPS29,1
RPS27A,HNRNPA2B1,0.263366
RPS14,FAU,1
RPS24,RPL11,1
ACTR2,SNORA67,0.145106
DDX3X,RPS4X,0.138409
IGF2BP1,RPL15,0.144231
RPL11,SYNCRIP,0.0586441
RPS21,UBA52,1
G3BP2,ACTB,0.0421534
RPS3A,RPS27,1
RPS4Y1,RPL10,1
ACTB,RPS11,0.125836
RPS9,RPS21,1
RPS2,EIF4B,1
RPL22,RPL8,1
ACTB,RPS27A,0.406471
RPSAP15,RPS29,1
RPS13,PABPC1,1
RPS7,RPL6,1
HNRNPA0,RPS3A,0.0421856
RPS26,RPL12,1
EIF3CL,RPL19,0.0427747
EIF3B,RPS26,1
RPL36A,RPS5,1
RPS15A,SNORA67,1
IGF2BP1,RPLP1,0.162374
RPS9,ANXA1,0.0701626
RPL18A,RPL11,1
RPS18,FAU,1
RPL5,RPL35A,1
RPS6,RPL8,1
GPI,RPS5,0.0446768
G3BP2,RPL6,0.0442895
ACTB,EIF4B,0.0435099
RPLP0,PGK1,0.181371
RPL24,HNRNPL,0.0531801
EIF3B,RPL5,0.0437
HNRNPL,UPF1,0.0539043
RPL9P7,RPL30,1
EIF3G,RPS27,1
EIF1AY,EIF3B,0.445441
RPL36A,RPS3,1
RPS9,SYNCRIP,0.0607402
RPL9P7,RPL35A,1
RPS7,RPL28,1
RPS23,RPL21,1
RPL7A,EIF4B,0.0447289
RPS3A,HNRNPL,0.328316
RPL5,RPL19,1
CFL1,RPL21,0.146212
EIF5B,RPL8,1
RPL6,RPL27,1
RPS28,CFL1,0.0460029
RPL11,RPL14,1
RPL11,RPS17,1
PUF60,SYNCRIP,1
RPL36,RPS26,1
RPS17,RPL13A,1
MOV10,RPL28,0.113849
RPL9,RPSAP15,1
RPS11,HDLBP,0.0419567
EIF4H,FAU,1
RPS14,RAB7A,0.0432349
RPS18,SYNCRIP,0.053626
RPS7,ANXA1,0.0677077
EIF3B,RPL14,0.0426347
ACTB,RPL11,0.338423
RPL13,RPS15,1
HNRNPA0,RPS8,0.042346
RPS10,RPS5,1
RPS5,EIF3B,1
UPF1,RPS8,0.128636
RPS24,EEF2,0.266934
RPL31,YWHAZ,1
ETF1,RPL18,1
HNRNPA2B1,RPL15,0.0429003
RPL23A,RPS15A,1
RPL38,EIF3G,0.0444289
RPL18A,RPL9,1
RPL27A,RPSAP15,1
RPS27A,DDX3X,0.255405
RPL5,RPS27,1
RPS7,RPL3,1
RPS26,PPP1CB,0.0460315
RPS17,RPS27,1
RPS3,EIF5B,1
RPS29,EEF2,0.053427
RPL9,RPS27,1
RPS17,RPL27,1
RPL9,RPS12,1
RPS3A,RPS4X,1
RPL22,EIF3I,0.159665
EGFR,RPS26,0.0447278
RPL23A,EEF1A1,1
CNBP,EIF4G1,0.0471015
PABPC1,RPL14,0.251396
RPS7,UPF1,0.0474749
RPLP2,PPP1CC,0.139075
RPL26,RPS27,1
RPL23A,EIF4G1,0.041109
RPS21,RPL8,1
RPL27,RPS19,1
PPP1CC,RPS4X,0.0405939
RPS28,RPLP0,1
RPLP0,RPS12,1
RPS17,RPS4X,1
RPS29,RPL8,1
UPF1,EEF1A1,0.123344
GPI,EEF1A1,0.0444712
RPL37A,RPL9P7,1
RPL18A,RPS5,1
RPS10,RPS24,1
RPL31,RPS19,1
EIF3B,RPL12,0.0417937
RPL21,RPS26,1
RPL38,RPS24,1
RPL38,RPSAP15,1
RPL36,RPS25,1
RPS20,RPL9P7,1
RPS11,RPL12,1
RPL36,EIF4G1,0.131839
RPSAP15,RPS15A,1
PGK1,RPL7,0.0753709
RPL31,PABPC4,0.0498755
IGF2BP1,RPL7,0.152899
RPL7A,EIF3G,0.0433
UBA52,RPL13A,1
RPS11,PABPC1,1
RPL7A,RPS27,1
RPLP1,EIF3E,0.0589886
STIP1,CCT3,0.0456045
RPS23,RPSAP15,1
ACTB,ATP1A1,0.0459509
EIF3E,RPS8,1
EIF3E,RPS19,1
RPS17,RPS27,1
RPLP1,RPS15A,1
RPL37A,FAU,1
RPS5,PPP1CB,0.0435259
RPL28,RPL21,1
RPL13,EEF1A1,1
RPL36A,RPS6,1
RPS11,RPS24,1
RPL23A,RPL30,1
RPS15,RPL12,1
ETF1,RPS4Y1,1
HNRNPA1,RPL7,0.307393
RPS24,RPS5,1
G3BP1,CAPRIN1,0.0760134
RPS17,EIF3G,1
EEF1A1,RPLP2,1
RPLP2,RPL18,1
RPS4Y1,RPL12,1
SNORA67,EIF4H,1
CNBP,RPS19,1
RPS10,RPL23A,1
RPL38,RPS7,1
APOE,SERBP1,0.117695
RPL19,SYNCRIP,0.0617088
RPS28,PPIA,0.0483152
DDX1,EEF1A1,0.0541392
RPL38,RPS12,1
RPL3,UBA52,1
HNRNPA0,PABPC1,0.0420516
ETF1,RPL22,1
EIF4B,IGF2BP1,0.0448998
RPS14,RPS8,1
RPL18A,RPS6,1
RPS7,RPL35A,1
ETF1,RPS20,1
EIF4B,RPS26,1
RPL11,RPL5,1
RPL31,RPS12,1
APOE,RPS21,0.123755
G3BP2,IGF2BP2,0.0905315
PPP1CC,RPL8,0.0410498
PABPC4,RPS6,0.049861
RPS27A,HNRNPA1,0.271032
RPS6,RPL30,1
PCBP2,RPL14,0.0774785
RPLP0,RPL8,1
RPS13,HNRNPA2B1,0.275402
EIF5B,RPS26,1
RPL9,RPS15A,1
RPS17,RPLP1,1
RPL23A,PCBP2,0.0712501
RPS11,RAB7A,0.0429162
EIF3B,EEF2,0.0416931
RPS17,RPSAP15,1
A1CF,SYNCRIP,1
RPL6,CFL1,0.0423483
RPS11,EIF4H,1
RPL13,RPS16,1
DDX1,RPS8,0.153638
RPL23A,HNRNPA1,0.0435274
RPS3A,SYNCRIP,0.0559548
PABPC1,UBA52,0.322049
G3BP1,HDLBP,0.0448947
RPS24,RPL13A,1
RPLP0,SYNCRIP,0.0522895
RPS17,EIF4H,1
RPS2,RPS13,1
RPS16,RPL9,1
HNRNPA0,HNRNPA2B1,1
DDX1,EIF3I,0.0476329
RPL31,RPS15,1
RPS25,RPL4,1
RPS19,RPS18,1
RPL10A,RPL15,1
RPS13,RPS5,1
MOV10,IGF2BP1,0.111055
RPLP1,RPS29,1
YBX1,RPL30,0.152771
ACTA2,CFL1,0.442138
CFL1,RPS4X,0.0417107
PPP1CC,RPL13A,0.128982
RPS14,RPL27,1
RPS5,RPL35A,1
RPS25,EIF3G,1
PABPC1,RPL13A,1
RPL35,RPS26,1
UPF1,RPS15A,0.135065
RPS27,UBA52,1
RPS28,ETF1,1
RPS7,RPS26,1
RPS23,RPL8,1
RPS11,HNRNPA1,0.0428504
RPL9,RPL15,1
RPL10A,RPLP0,1
G3BP1,HNRNPA1,0.0430913
EIF4B,RPL35A,0.043085
RPS28,RPL23,1
EEF1A1,RPL14,1
RPL37A,RPSAP15,1
PABPC1,RPL5,0.14399
RPS3A,RPS7,1
RPL38,EIF3B,0.04395
RPL6,RPS27,1
PCBP2,IGF2BP1,0.0793414
RPL11,RPS15,1
RPL35,RPS12,1
EIF4B,UBA52,0.0432134
YWHAZ,CCT3,1
RPL13,RPL15,1
EIF3G,RPSAP15,1
RPS21,RPS29,1
RPL35,FAU,1
RPL36,GSPT1,0.0447259
RAB1A,UBA52,0.146589
RPL23A,RPL27,1
RPL24,RPL14,1
RPS18,EIF4H,1
RPL27,RPS26,1
HNRNPA0,EEF2,0.0424941
ACTB,IGF2BP1,0.0408754
RPL9P7,RPL27A,1
RPS3A,RPL7A,1
RPLP0,PPIA,0.0419209
RPL36,EIF3B,0.0424917
RPS13,RPL5,1
HNRNPA1,RPS20,0.195289
RPL36A,RPSAP15,1
RPL18,EEF2,0.403169
ACTB,HNRNPL,0.0574571
RPL6,HNRNPA2B1,0.0420207
RPS17,RPL21,1
ACTB,RPL15,0.218185
DDX3X,EIF3H,0.134179
ACTR2,PPP1CB,0.0468695
RPL3,RPS8,1
RPL36A,FAU,1
RPL23,RPS4X,1
RPS24,RPLP1,1
RPL14,RPS12,1
RPS11,RPS6,1
RAB7A,RPL12,0.0430347
RPLP0,RPL21,1
EIF5B,EIF3I,0.260675
RPS2,EIF3H,1
RPL22,YBX1,0.333795
RPL38,RPS4X,1
RPL6,EIF3I,0.111174
MOV10,RPS15A,0.090834
EGFR,RPLP2,0.0423286
RPS28,RPS4Y1,1
RPL31,DDX3X,0.0415818
RPL36,RPS21,1
RPL30,RPS12,1
RPL13,RPLP0,1
HNRNPA1,PPP1CB,0.0443661
RPLP2,RPS27,1
RPL31,RPS10,1
RPS28,RPLP1,1
ACTB,RPL13,0.452466
RPS2,RPS26,1
RPL36A,RPL35A,1
ACTR2,RPL7,0.0455508
RPL27A,RPLP2,1
RPL18A,RPL27,1
PPIA,RPL12,0.150742
HNRNPL,RPS19,0.0643297
ACTB,RPL9,0.165114
RPS2,RPS20,1
RAB1A,RAB7A,0.053887
RPS20,RPL30,1
RPS3A,FAU,1
RPS16,EIF3G,1
RPL27,RPL23,1
RAB1A,EIF4B,0.0471179
RPL27,RPS18,1
EIF4G1,HDLBP,0.138163
RPL38,RPL23A,1
RPS20,RPL35A,1
EIF3CL,RPL15,0.0431706
EEF1A1,SYNCRIP,0.0534536
EIF3B,RPL15,0.0426022
DDX1,RPS18,0.056398
RPL6,UBA52,1
RPS28,EIF3E,1
RPL24,RPL10,1
RPSAP15,UBA52,1
RPL27A,FAU,1
RPS20,RPL27,1
RPS16,RPL27,1
EEF1A1,PPP1CB,0.136506
RPS20,CFL1,0.0428103
RPL6,RPS15,1
RPS28,RPL7A,1
PATL1,PGK1,0.316025
RPS20,RPL21,1
RPL36,CFL1,0.132469
RPL27,RPLP2,1
STIP1,RPS6,0.0505658
RPS27A,RPL23,1
RPS10,RPS8,1
RPL38,RPS23,1
RPS4Y1,RPS25,1
RPS6,RPS20,1
ACTB,CLIC4,0.418083
RPS20,RPL19,1
RPL15,RPL12,1
RPL19,RPL4,1
RPS13,RPLP0,1
MOV10,PCBP2,0.272503
RPL36A,RPL10,1
RPL38,RPS25,1
HNRNPA2B1,EIF4H,0.138111
RPL36,RPL9,1
RPL9,RPL10,1
RPL11,RPL28,1
EEF1A1,RPL10,1
RPS7,RPL9P7,1
RPL6,RPL8,1
EIF3B,RPS21,1
RPS17,RPL22,1
RPS27A,ANXA1,0.0650647
RPS8,EIF3I,1
RPS13,EIF3E,1
RPS2,RPL9,1
RPLP0,RPLP1,1
RAB1A,IGF2BP2,0.0487269
ATP1A1,RPL13A,0.0493615
RPS5,RPSAP15,1
STIP1,RPL7A,0.0490579
RPL13,EEF2,0.346786
RPL23A,RPLP0,1
RPS19,RPL13A,1
RPS21,RPL4,1
RPS5,RPS9,1
YBX1,EIF3I,0.0557044
HNRNPA2B1,DDX1,0.0436261
RPS12,RPL8,1
RPS7,RPL27,1
RPS28,RPL8,1
RPS20,UPF1,0.0407442
UPF1,RPS4X,0.13158
PABPC1,PPP1CB,0.0419261
RPL37A,HNRNPL,0.0571303
RPSAP15,RPL28,1
EEF1A1,SNORA67,0.328913
RPS16,RPS26,1
RPL36,RPS26,1
RPS27A,IGF2BP2,0.0419449
RPS28,RPL27A,1
RPS7,EIF3E,1
RPS3,RPL35A,1
RPL11,RPL23,1
RPL4,SNORA67,0.106376
PABPC4,EEF2,0.0472213
RPL27A,RPL19,1
RAB1A,SCFD1,0.575879
RPS13,RPL35,1
RPL36,RPS9,1
RPL14,RPL12,1
RPL27,RPL35A,1
RPLP0,RPL12,1
RPS11,RPS9,1
RPS6,RPS15,1
EGFR,ANXA1,1
RPS6,CFL1,0.0423244
RPL10A,RPL11,1
RPL9P7,RPL15,1
RPS24,RPL24,1
RPS15,RPSAP15,1
RPL18A,RPL35A,1
RPS24,RPS7,1
RPS6,RPS27,1
RPS17,RPS21,1
RPS11,RPL26,1
RPS27A,YBX1,1
RPL38,RPS26,1
EGFR,RPS20,0.0426089
RPS5,SYNCRIP,0.0593299
RPL38,RPS17,1
RPL36A,RPS21,1
RPS15,RPS9,1
RPS15,EEF2,0.0579871
CNBP,RPL35,1
RPS20,RPS19,1
RPL36A,RPL12,1
RPL27A,RPS12,1
CFL1,RPS18,0.0431383
RPS5,EIF3I,1
RPLP0,RPSAP15,1
UPF1,RPL14,0.0490087
RPS20,RPLP2,1
EIF4B,RPL14,0.0446929
CFL1,RPL23,0.0438483
RPS27A,RPL14,1
RPL13,RPL12,1
RPL30,FAU,1
RPS6,RPL15,1
RPL23A,RPS17,1
RPL5,RPS19,1
RPS11,RPS20,1
RPL4,RPS18,1
RPS4Y1,RPL8,1
RPLP1,RPS21,1
RPS27,RPL4,1
RPLP0,RPS8,1
RPS23,RPL9,1
PPIA,RPS18,0.0444982
RPL24,RPL19,1
RPS6,YBX1,0.14081
RPS14,EIF5B,1
EEF1A1,RPL3,1
RPS3,ETF1,1
RPS26,RPL8,1
EEF1A1,RPL7,1
RPS14,EIF3E,1
ACTR2,RPS26,0.047384
HNRNPA1,RPLP2,0.137159
RPS17,RPS27,1
RPS27A,RPS20,1
RPS5,RPS18,1
ETF1,RPL26,1
G3BP2,HNRNPA1,0.0454137
UBA52,EIF3I,0.246927
RPL7A,RPL8,1
APOE,RPS7,0.0955121
UPF1,RPL27,0.0411789
RPL35,RPL8,1
ETF1,RPL4,1
RPL28,RPL13A,1
RPS16,RPL21,1
RPL24,RPL3,1
CLIC4,YWHAZ,1
DDX3X,EIF4G1,0.09104
PABPC1,RPLP1,0.145736
EIF3B,RPS9,1
RPS8,RPS27,1
RPS28,RPL30,1
EIF4B,RPS29,1
RPS14,PGK1,0.0502472
DDX3X,RPLP1,0.174803
PABPC1,RPL15,0.256957
RPL11,FAU,1
RPS6,RPL27A,1
MOV10,RPL7A,0.086977
RPL36A,RPS2,1
RPS23,RPL19,1
RPL7A,RPSAP15,1
RPL36A,RPL8,1
RPS11,RPS12,1
MOV10,RPLP0,0.083248
EIF3G,RPL8,0.0440866
RPL23,RPL12,1
HNRNPA0,RPL7A,0.0424417
RPS2,RPS3A,1
RPL36A,RPLP1,1
RPL24,RPLP1,1
RPS24,RPS4Y1,1
RPL11,UPF1,0.0476545
RPS24,EIF3B,1
RPL27A,RAB7A,0.0435932
RPS27,FAU,1
RPS10,RPS4X,1
ACTB,RPL35,0.290113
RPS6,RPL26,1
RPS11,RPL10A,1
RPL4,RPL14,1
RPS9,EIF5B,1
RPL19,UBA52,1
RPS5,RPS8,1
RPS13,RPS8,1
EIF3B,RPS18,1
EIF3B,RPS15A,1
EGFR,SNORA67,0.0419827
RPL31,RPS13,1
RPS5,EIF4G1,1
RPL9P7,RPL7,1
RPS17,RPS13,1
RPL15,RPS26,1
DDX3X,RPL4,0.138773
RPL9P7,HDLBP,0.042494
IGF2BP1,RPL13A,0.0467325
RPL31,RPL11,1
RPS17,EIF3I,1
RPS19,RPL35A,1
RPS10,EIF3E,1
EIF4G1,EIF3G,1
EIF3CL,RPL14,0.0425192
DDX3X,RPL14,0.0421082
RPL27,RPL26,1
RPL21,RPL30,1
PCBP2,RPS4X,0.0661459
RPS4Y1,RPLP2,1
HNRNPA1,RPL21,1
ACTB,PABPC4,0.0453843
RPS6,RPS15A,1
RPL38,RPS14,1
EIF3G,RPS12,1
RPS23,RPS13,1
PPIA,PPP1CB,0.0463372
RPS6,RPS4X,1
RPL36A,RPL3,1
RPL27A,RPL21,1
UBA52,FAU,1
RPL4,RPL13A,1
EIF3G,RPL26,0.0426939
ACTB,RPL21,0.123572
RPS11,ACTR2,0.0456517
RPL7A,IGF2BP1,0.136156
YWHAZ,YBX1,1
RPL37A,RPL10A,1
RPS17,RPLP2,1
RPS10,RPL27,1
EIF3E,RPSAP15,1
RPS7,ETF1,1
RPS6,RPL11,1
PABPC1,RPS8,1
RPL9P7,RPL13A,1
RPL3,RPLP2,1
RPS5,HNRNPA2B1,0.0434831
RPS13,HNRNPA1,0.272921
RPS10,EEF2,0.0408072
PABPC4,SERBP1,0.0726507
EIF3B,RPL7A,0.166005
RPL18A,PABPC1,0.244306
HNRNPA1,SNORA67,0.0424026
EIF3B,RPL9P7,0.043943
RPL5,RPL3,1
RPS27A,CCT3,0.046725
RPL5,RPL26,1
RPS20,PPP1CB,0.166241
RPS19,RPL21,1
RPS17,SNORA67,1
RPS8,RPS27,1
ACTB,RPLP1,0.336821
PPIA,RPLP2,0.150855
STIP1,RPS15,0.0637805
DDX3X,RPL15,0.0417594
PCBP2,RPS26,0.0789933
RPS14,RPL7,1
RPL11,RPL30,1
EIF3H,RPS26,1
RPL36A,RPL27A,1
RPS19,RPL4,1
RPS17,SNORA67,1
RPLP2,SNORA67,0.149707
RPS3A,RPL9P7,1
RPL14,RPS26,1
RAB1A,RPS17,0.0446908
HNRNPA0,RPL3,0.0422424
GPI,PABPC1,0.043379
RPS15,RPS15A,1
ETF1,UPF1,0.58154
HNRNPA1,EIF3E,0.0561107
RPS17,HNRNPA1,0.0426634
EIF3E,RPS15A,1
RPS24,HNRNPA1,0.0540093
RPL36,RPL35,1
ETF1,RPL30,1
RPS23,RPS17,1
RPS28,RPL10,1
RPS26,RPL35A,1
RPS16,RPS27,1
RPL37A,RPL13,1
SNORA67,RPS18,1
CFL1,UBA52,0.239166
EIF4G1,RPL13A,1
RPS13,RPS4Y1,1
RPSAP15,RPL4,1
EIF4G1,RPS19,1
RPS16,RPS15A,1
RPS29,RPS27,1
ACTB,UBA52,0.407714
RPL27,RPL27A,1
DDX3X,RPL11,0.14283
PCBP2,RPL18,0.0717867
RPL10A,RPS26,1
ACTB,RPL10A,0.0397824
RPL6,RPL12,1
RPS4X,SNORA67,1
RPL9,EEF2,0.184634
RPS4Y1,EEF1A1,1
EIF4B,HNRNPA1,0.046658
APOE,RPS19,0.09989
RPL13,RPL21,1
RPL5,RPL4,1
RPL38,RPS4Y1,1
STIP1,RPL9,0.0547829
RPL37A,RPL23,1
RPL6,RPSAP15,1
RPS2,RPL13A,1
RPS4Y1,RPS15,1
RPL26,YBX1,0.14032
RPS7,RPL27A,1
RPL36A,RPS3A,1
RPS27A,RPLP0,1
MOV10,RPS6,0.0943414
RPS15A,PPP1CC,0.326116
HNRNPA2B1,RPL19,0.04267
RPS9,RPS12,1
RPL7A,PPP1CC,0.323604
RPS7,RPLP1,1
EIF3CL,RPS9,0.0427103
ETF1,RPL27A,1
RPS23,PPIA,0.0469022
RPS11,RPL7A,1
RPS3,EEF2,0.389447
RPS19,RPL15,1
RPS7,RPL7,1
ACTR2,RPS25,0.0470732
RPS4Y1,RPL4,1
PABPC1,RPS9,1
RPL9P7,RPL14,1
EIF3B,UPF1,0.571851
RPLP1,RPL18,1
RPS2,RPS9,1
RPL9P7,RPS26,1
RPS24,UPF1,0.0415602
RPL36,EIF3G,0.0427081
RPS10,GSPT1,0.0592409
RPS24,RPL23A,1
RPS23,EIF5B,1
RPS24,RPS15A,1
RPL38,RPS3A,1
RPS5,RPS4Y1,1
RPLP0,UPF1,0.0472596
EIF4B,RPL18,0.0439186
RPS6,RPL27,1
RPL27A,SYNCRIP,0.0613004
HNRNPA0,RPS17,0.0428458
RPL15,HDLBP,0.0421309
RPS15,UBA52,1
RPL31,RPS23,1
RPS3A,ANXA1,0.0656879
RPS27A,DDX1,0.0418104
RPS14,RPL22,1
PGK1,RPL8,0.0419083
IGF2BP2,ATP1A1,0.0514768
RPL23A,RPL27A,1
RPS17,RPS28,1
ETF1,RPL3,1
RPS17,RPS15A,1
ACTR2,RPL27,0.0452385
MOV10,UPF1,0.113428
RPL6,ETF1,1
RPL5,RPL12,1
RPS28,EIF3B,1
RPS16,RPS4X,1
RPS13,RPS21,1
EIF4B,RPL12,0.0441981
RPS16,RPL23A,1
EIF3CL,RPS14,0.0428856
RPS21,RPL28,1
HNRNPL,EEF1A1,0.179107
RPS27A,RPS3A,1
IGF2BP1,RPL3,0.129836
CFL1,RPS8,0.135454
ACTB,YWHAZ,1
RPS11,FAU,1
RPS3,PABPC1,1
RPS3A,RPL19,1
RPL35A,RPL30,1
RPS24,RPL12,1
HNRNPA2B1,RPL3,0.12924
RPL18A,RPL22,1
RPL36,EIF3CL,0.0428546
HNRNPA2B1,PABPC1,0.128666
RPL31,RPS27,1
RPL31,PPIA,0.154899
RPL6,RPL11,1
RPS3A,RPL3,1
RPL4,PPP1CC,0.0402991
EIF3E,CCT3,0.0510702
UPF1,SYNCRIP,0.0598251
RPL5,RPS27,1
RPS28,EGFR,0.0457294
MOV10,RPL10,0.0910243
RPS23,RPS4Y1,1
RPL13,YWHAZ,0.0449643
RPL31,HNRNPL,0.0652507
RPS27A,RPL27A,1
RPL26,SYNCRIP,0.0598086
HNRNPA2B1,RPLP1,0.344884
RPS17,RPL6,1
RPL13,RAB6C,0.0481161
RPS17,PPIA,0.0430822
RPL9P7,RPS29,1
RPS24,HDLBP,0.0422053
EIF4B,RPS27,1
PATL1,EEF2,0.0584071
RPS28,FAU,1
RPL24,RPL9,1
EIF4B,RPL4,0.0418234
RPS17,RPS6,1
HNRNPA1,RPL23,0.0439863
RPL3,YBX1,0.135272
RPS21,RPS26,1
EIF3E,RPS18,1
RPL5,RPS26,1
ACTB,RPL23A,0.23986
EIF4G1,RPS17,1
RPL4,RPL21,1
RPL36,RPL9P7,1
RPL27,RPS27,1
RPL35A,FAU,1
STIP1,RPS20,0.0486826
RPS29,RPL10,1
RPS3,DDX1,0.151233
HNRNPL,RPL10,0.0516492
ETF1,RPL23,1
RPS23,RPS16,1
ACTB,RPL7A,0.312367
HNRNPL,RPS26,0.0548885
RPS2,HNRNPL,0.204917
ETF1,RPS21,1
RPL38,RPS11,1
RPL9P7,RPL19,1
RPL9,RPS15,1
YWHAZ,RAB6C,0.0477643
PABPC1,RPS27,1
EIF3E,RPS27,1
RPS9,RPS26,1
SNORA67,RPL30,0.110973
RPL24,EIF3G,0.0431003
RPS7,RPS12,1
RPS17,RPS27,1
HNRNPA0,CCT3,1
RPL37A,RPS17,1
RPL26,RPL12,1
RPS3,RPS4X,1
RPS24,RPL15,1
RPL31,FAU,1
RPS20,RPS15A,1
RPS13,EIF3H,1
RPL37A,RPL7A,1
RPS3A,RPS15,1
RPL38,UBA52,1
RPS24,SNORA67,1
EEF2,EIF3I,0.0547927
PCBP2,YBX1,1
ACTB,RPSAP15,0.344286
RPS13,RPL7A,1
RPL13,ETF1,1
STIP1,ACTR2,0.181242
EEF1A1,RPL12,1
RPL36,RPS17,1
EEF1A1,PATL1,0.0419638
RPS17,RPS8,1
RPL18A,EIF3B,0.0430842
RPS3A,EIF3H,1
RPS27A,RPL28,1
PABPC1,RPL3,0.324138
PABPC4,RPL21,0.0502227
RPS5,RPL12,1
RPL21,RPS12,1
RPL37A,RPL23A,1
EIF5B,RPL3,1
RPL35,RAB6C,0.0625953
RPL24,RPS4X,1
G3BP1,PPIA,0.0443632
RPL6,RPL10,1
RPS9,RPL27A,1
RPL23A,RPS26,1
RPL28,RPS26,1
RPS15,EIF3I,1
UBA52,EEF2,0.484033
RPS16,CFL1,0.04411
RPL27,RPL22,1
RPS2,RPS7,1
RPS2,EIF4G1,1
YBX1,RPS26,0.0491605
RPS8,HDLBP,0.124791
RPS7,RPS4Y1,1
RPS15,RPL10,1
EIF3H,EIF4H,1
RPLP1,RPS4X,1
RPS2,RPS17,1
RPS23,EIF3B,1
RPL7A,PCBP2,0.0704628
RPL26,RPL30,1
RPS28,RPS9,1
RPL9P7,RPL10,1
EIF3B,RPL23A,0.0423015
RPL13,RPS8,1
HNRNPL,RPS25,0.0663488
ACTR2,EEF1A1,0.043505
EIF3B,RPL35A,0.0421576
RPS10,RPSAP15,1
RPL38,RPL35,1
RPL13,PPP1CC,0.0410063
EIF3B,DDX3X,0.230575
RPS8,PPP1CB,1
RPL7A,RPS25,1
RPL22,RPS19,1
RPS4X,EIF4H,1
SYNCRIP,RPL10,0.0579717
RPL35A,EEF2,0.166033
RPS4X,PGK1,0.294025
RPS24,PPP1CC,0.0417386
RPL9,RPL13A,1
RPS5,RPS17,1
APOE,RPS20,0.0979578
RPS9,RPL19,1
RPL27A,RPL28,1
EIF4G1,EIF3E,1
EIF3G,RPS29,1
EIF3CL,EEF2,0.0417806
STIP1,RPLP2,0.0484574
RPS4Y1,RPL19,1
RPS23,HNRNPL,0.0673272
RPL13,EIF3I,0.0404312
RPL38,RPL11,1
EIF3I,RPL10,0.0404711
RPS20,YWHAZ,0.0461987
RPS6,RPL35A,1
RPS5,EEF2,0.243571
CFL1,SERBP1,0.0496103
RPS17,ETF1,1
RPS17,RPL7,1
RPS25,RPL14,1
RPS10,RPL14,1
RPL9P7,RPS27,1
CFL1,RPL3,0.133148
RPL5,RPL28,1
HNRNPA2B1,RPL30,0.128852
RPS17,RPL35A,1
EIF4B,RPL11,0.04319
RPL5,SNORA67,0.140221
RPL24,RPS9,1
EEF2,RPL30,0.256528
RPL14,FAU,1
EEF1A1,RPS26,1
RPS7,RPL21,1
RPL38,RPS3,1
RPL19,FAU,1
RPS15,RPL15,1
RPS15,RPL27A,1
RPS28,RPS5,1
RPS10,RPS17,1
RAB1A,USO1,1
RPS4X,RPS26,1
RPS13,RPL6,1
RPS28,RPL13A,1
RPS11,RPLP0,1
RPS13,EEF1A1,1
RPL7A,RPS9,1
RPS11,EEF1A1,1
RPS15A,SYNCRIP,0.0581932
ACTB,YBX1,0.273243
RPS3,RPL27A,1
RPS11,RPS29,1
RPS28,EEF1A1,1
RPS28,EIF3H,1
DDX1,RPS19,0.326113
RPL14,RPS27,1
RPL36A,RPL7A,1
RPL12,EEF2,0.33897
RPS15,RPS27,1
RPL35,UPF1,0.0487123
RPL31,RPL10A,1
EIF3B,RPS15,1
PABPC1,RPL23,0.243509
RPS2,RPL23,1
RPS2,RPL5,1
RPL14,RPL18,1
RPL3,RPS29,1
EIF4B,YBX1,0.0469319
EIF3G,RPS21,1
RPL10A,RPL27A,1
RPL36A,RPL30,1
RPS3A,RPL15,1
PABPC1,RPL18,0.330852
ACTR2,RPS23,0.0468634
DDX1,RPL23A,0.0566812
RPL35,RPS26,1
RPL26,RPL4,1
RPL4,RPL12,1
PPP1CC,RPS27,1
RPS23,RPS26,1
RPL6,RPL13A,1
RPS11,RPS10,1
EGFR,RPL27A,0.0432517
RPL10A,RPL35,1
RPL35,RPS4X,1
RPS3A,RPL4,1
RPL10A,RPL35A,1
RPL18A,EIF3G,0.0435302
MOV10,RPL14,0.100134
RPL35,RPS27,1
RPL35,RPL7,1
RPS28,EIF4B,1
RPS23,RPS20,1
RPS15,EIF3E,1
RPS5,RPL13A,1
RPL14,YBX1,0.147694
RPL6,PABPC1,0.374008
RPS3A,RPL10A,1
RPS17,RPS15,1
RPL3,RPS19,1
RPS4X,RPL10,1
RPS16,RPS17,1
RPS4Y1,EIF3I,1
RPL9,YBX1,0.0610375
IGF2BP1,RPL14,0.148824
RPS11,RPL21,1
UBA52,HDLBP,0.042497
RPL10A,SNORA67,0.0408872
RPS6,FAU,1
HNRNPA1,SERBP1,0.275473
RPS28,RPL23A,1
YBX1,RPL8,0.0458581
HNRNPA0,RPL21,0.0434052
PATL1,RPL4,0.0421194
RPL36A,RPL18A,1
RPL3,RPL4,1
RPS28,RPS27,1
RPS5,RPS27,1
RPLP2,RPS26,1
RPL6,SERBP1,0.04841
RPS17,RPS26,1
RPL7A,UBA52,1
IGF2BP1,RPS4X,0.130093
YBX1,RPL7,0.297542
RPS4X,SYNCRIP,0.0540128
RPL11,RPL21,1
RPL21,RPS18,1
EGFR,RPL21,0.0432152
RPL14,RPL7,1
MOV10,RPL18,0.0914774
RPL27,RPS21,1
RPL23,RPS19,1
RPL18A,HNRNPL,0.0509188
RPS25,RPL23,1
RPS8,RPS18,1
PABPC1,RPL26,0.34033
RPS3A,RPL35A,1
RPS8,RPS21,1
IGF2BP2,EIF3I,0.0532916
DDX1,RPL3,0.0420171
EIF3B,RPL11,0.161097
RPL10A,EEF2,0.26491
ACTR2,RPL26,0.0446665
RPL11,PABPC1,0.236566
RPS27A,EIF3G,1
RPS17,PGK1,0.0422101
RPL37A,RPL22,1
RPL19,RPS26,1
PGK1,EEF2,0.394024
RPL36,RPL18A,1
EGFR,RPS26,0.0447278
IGF2BP1,PABPC1,0.134079
RPS7,RPS6,1
RPS28,RPS18,1
IGF2BP1,RPS19,0.0434988
RPLP2,EIF4H,0.128615
RPL19,RPL14,1
RPS28,RPL9,1
RPS7,RPS21,1
RPL9P7,RPS21,1
RPS17,RPS3A,1
RPL30,RPL8,1
RPS20,RPL27A,1
RPS28,EIF5B,1
EIF3CL,RPL26,0.0423646
HNRNPA1,RPL27,0.0428788
ACTR2,EGFR,0.0455125
RPS16,RPLP0,1
RPS5,YBX1,0.0465109
RPS3A,RPS27,1
RPL13,RPL35A,1
RPS8,RPL26,1
RPS15A,UBA52,1
RPLP1,CCT3,1
SERBP1,RPLP2,0.0485675
RPL18,RPL35A,1
IGF2BP1,RPL26,0.139129
RPL27,RPSAP15,1
RPL24,RPL22,1
RPL26,RPL14,1
RPL38,SYNCRIP,0.0573012
EGFR,RPS15A,0.0421521
RPS23,RPL35A,1
DDX1,RPLP2,0.042346
G3BP2,CAPRIN1,0.62155
RPS2,EIF4H,1
RPS25,PGK1,0.0513961
RPL36A,RPL38,1
RPS9,RPS4X,1
CFL1,RPL35A,0.132299
RPL24,RPL35A,1
RPL23,PGK1,0.0493806
ACTB,HDLBP,0.0417874
EIF4G1,RPS20,1
HNRNPA0,RPLP0,0.0422634
EIF3G,EIF5B,0.300559
YWHAZ,PPP1CB,0.0483327
RPS6,RPL23,1
EIF5B,RPS27,1
G3BP2,YBX1,0.0458334
RPS2,SNORA67,1
RPS21,RPL12,1
RPS16,UBA52,1
PPIA,RPS15A,0.0439047
STIP1,RPL18,0.0490046
RPL6,IGF2BP1,0.137796
RPL14,RPL13A,1
RPS23,RPS9,1
EGFR,RPS8,0.0419
RPS13,RPS18,1
RPLP1,RPL35A,1
RPS15A,RPL8,1
RPS2,RPLP2,1
MOV10,RPL19,0.100629
RPS23,RPL12,1
RPL13,RPL9,1
RPS24,RPS3A,1
PPP1CC,RPL14,0.258994
RPS24,RPL26,1
RPS15,RPS17,1
RPL21,RPL15,1
RPL22,RPL28,1
RPS16,SNORA67,1
GPI,RPS8,0.0435697
RPL22,RPL23,1
RPS17,RPS27A,1
RPS24,RPS14,1
RPL28,YBX1,0.330469
RPL31,EIF4G1,0.0409173
RPL38,RPS5,1
RPS8,RPL15,1
RPL10A,RPS15,1
RPS19,RPL14,1
EIF3B,RPL3,0.0417751
RPL21,YBX1,0.151629
RPS11,RPS21,1
RPS27A,UPF1,0.159767
DDX1,CCT3,0.0472197
ACTR2,RPS14,0.0455579
G3BP2,EEF2,0.043429
ACTB,RPL4,0.198693
HNRNPL,RPL35,0.0524926
RPL36A,ETF1,1
RPS17,RPL7A,1
RPS3,RPS18,1
RPL11,RPLP2,1
RPS17,RPS9,1
ACTB,RPS10,0.0515429
RPL18A,RPS15,1
RPL7A,RPL18,1
RPL23,RPS29,1
RPS16,EIF3I,1
EEF1A1,YBX1,0.35886
RPL38,EIF5B,1
RPL18A,RPL23A,1
RPS8,RPL10,1
RPL22,HDLBP,0.0443998
RPS5,RPS16,1
RPS27A,RPL4,1
ACTB,EIF3CL,0.111685
HNRNPA1,RPS15A,0.0428028
HNRNPA1,RPS25,0.0450511
RPS8,SERBP1,0.047861
RPS17,RPL10A,1
EGFR,RPL12,0.0424918
RPL26,EIF3I,0.0406312
HNRNPA2B1,EEF2,0.298084
RPS24,RPL35A,1
RPL23A,HDLBP,0.0412132
RPL36A,RPS27,1
RPL11,RPL22,1
RPS25,RPL18,1
PPIA,RPL21,0.162562
RPS23,RPL10A,1
ACTB,GSPT1,0.395948
ACTB,RPL18A,0.0392359
RPS9,EIF3H,1
RPS17,RPS3,1
RPL38,RPS18,1
RPS5,PGK1,0.049795
RPL6,RPL4,1
RPL6,RPL18,1
RPLP0,PATL1,0.0417968
RPS10,RPS29,1
RPS11,RPL13A,1
RPS28,RPL12,1
USO1,YWHAZ,0.0683069
RPL37A,UBA52,1
RPS10,PABPC1,1
RPS17,RPL12,1
RPS23,RPS21,1
RPS13,RPL19,1
HNRNPA0,RPLP2,0.0425875
RPL22,RPL4,1
RPL26,RPL19,1
RPL9,RPS29,1
RPL30,RPL13A,1
RPL22,RPS9,1
RPS28,RPS21,1
RPL18,RPL13A,1
ACTB,EIF3B,0.137237
RPL4,RPL30,1
G3BP2,RPS13,0.0441378
RPS27,RPL21,1
RPS10,RPL28,1
EIF4G1,RPL3,0.0412021
RPS3A,RPL10,1
RPS21,SNORA67,1
RPL11,RPL7,1
RPL27,RPL30,1
ACTB,EIF4G1,0.113863
RPLP0,EEF2,0.496864
RPL37A,RPS27,1
IGF2BP1,RPS15A,0.0457661
IGF2BP1,RPL10,0.0457521
ATP1A1,CCT3,0.0485387
RPL36A,RPS29,1
RPS17,RPS4X,1
HNRNPA0,RPL7,0.0437053
RPS6,RPS12,1
RPS3A,HNRNPA1,0.273874
RPS6,RPL9P7,1
RPS19,RPL12,1
RPL38,RPL26,1
RPS11,PPP1CC,0.0409146
DDX3X,RPS19,0.154004
RPL3,RPL8,1
RPL31,EGFR,0.0427313
RPLP0,FAU,1
EIF3CL,RPL10A,0.0445044
RPS3A,EIF3E,1
RPS3,EIF4G1,1
RPLP1,RPL21,1
RPS11,PPIA,0.0441633
EIF3E,RPS26,1
RPL27A,RPS27,1
MOV10,RPS9,0.0943024
RPL13,RPL35,1
RPLP1,EEF1A1,1
RPS27A,RPS4Y1,1
RPL22,RPS4X,1
PCBP2,SYNCRIP,0.119085
RPS23,HNRNPA1,0.045465
IGF2BP1,RPL12,0.141628
EIF5B,RPL15,1
RPL18,RPS29,1
RPS27A,EIF4B,1
ACTB,RPL14,0.210161
RPS15A,EIF4H,1
RPL7A,RPL21,1
RPS13,DDX1,0.0424472
RPL3,RPL19,1
EIF3B,HNRNPA2B1,0.0563302
EGFR,CFL1,0.0433578
RPS10,RPL15,1
RPL35,EEF2,0.041197
RPS2,DDX3X,0.0936714
RPS14,RPL5,1
RPL5,RPS18,1
RPL37A,SYNCRIP,0.0640969
RPL9,RPL14,1
RPS7,EIF3H,1
RPL23,FAU,1
RPL11,RPS12,1
PABPC1,RPS18,1
RPL10A,RPL10,1
RPS15A,RPL30,1
RPS20,UBA52,1
EIF3B,RPL8,0.0428679
RPS25,RPLP1,1
RPS27A,RPS13,1
RPS17,RPL9P7,1
RPS14,RPL9,1
RPL12,PPP1CB,0.0432871
RPL28,RPL10,1
ETF1,RPL21,1
HNRNPA1,RPL26,0.134754
RPS19,PGK1,0.0503785
RPL23A,RPLP1,1
RPL38,RPL5,1
RPS3,HNRNPA1,0.128032
RPL36A,RPS12,1
RPS2,HDLBP,0.0448358
RPS3A,IGF2BP1,0.134374
RPS6,RPL24,1
RPS17,EIF3E,1
HNRNPA1,ACTA2,0.112212
RPS2,RPS12,1
RPL38,RPS15,1
RPS29,RPS12,1
RPS4Y1,UBA52,1
RPL26,FAU,1
RPS10,RPL5,1
RPL18A,EIF3I,0.040214
RPLP0,RPL15,1
PABPC1,RPL12,0.330178
RPL24,RPS4Y1,1
PABPC4,RPL15,0.0509216
RPS11,RPS16,1
ETF1,RPS18,1
RPS21,RPL15,1
PPIA,RPL22,0.0469019
RPL5,RPL8,1
RPL23A,RPL23,1
EEF1A1,EIF3I,0.0398424
STIP1,EEF1A1,0.133055
IGF2BP1,RPL19,0.14472
RPS23,RPL27,1
RPS11,RPS3,1
DDX3X,UBA52,0.255353
RPSAP15,RPL8,1
RPS3,RPL22,1
HNRNPA0,DDX3X,0.199164
RPS3A,RPS19,1
RPS16,EIF4B,1
RPL22,ANXA1,0.0757367
RPS28,RPS4X,1
PPIA,UBA52,0.141683
HNRNPA0,SNORA67,0.0453618
RPL11,RPS9,1
RPS15,HDLBP,0.0449397
RPS16,RPL30,1
RPL3,RPL7,1
RPL24,RPS27,1
RPS27A,RPLP1,1
RPL31,HNRNPA0,0.0428796
HNRNPA0,ATP1A1,0.0498483
ACTB,RPL30,0.310502
CFL1,RPS15A,0.0427208
RPS7,EIF3G,1
RPLP0,ANXA1,0.0651123
RPLP1,RPL10,1
RPLP0,RPS9,1
RPL18A,RPS25,1
RPS17,RPL7,1
UBA52,PPP1CB,0.0420007
RPS4X,FAU,1
RPL23,SNORA67,0.0431962
RPS27A,RAB1A,0.145522
RPS10,EEF1A1,1
RPL35A,RPS27,1
RPL9P7,RPLP1,1
ACTR2,RPS9,0.0450816
RAB1A,YBX1,0.0457076
RPS20,EIF3G,1
MOV10,RPS7,0.0910562
RPL5,RPS8,1
RPS3,ACTR2,0.0441574
RPS6,EIF3H,1
RPL27A,RPL4,1
RPL11,RPL19,1
EIF5B,RPL28,1
RPL18,RPL7,1
RPS13,RPS20,1
RPS20,RPL4,1
IGF2BP1,EIF3E,0.0491429
RPS3A,EIF3G,1
RPS3,RPS29,1
EEF1A1,RPL23,1
RPS17,EIF4H,1
RPL36,ETF1,1
RPS27,RPL10,1
EIF4G1,RPLP2,0.047591
EIF4G1,RPS8,1
RPL31,RPL18,1
RPL31,RPL12,1
RPL23A,RPS18,1
IGF2BP1,PUF60,1
RPS16,RPL18,1
RPS27,RPL8,1
RPS10,EIF3I,1
RPL27A,RPL30,1
RPL36,RPS29,1
RPS17,RPL10,1
EEF2,RPS18,0.240428
RPS21,RPS4X,1
RPS28,RPS26,1
HNRNPL,PCBP2,1
RPS7,RPS4X,1
EIF3B,RPL24,0.0421178
RPS24,RPS17,1
RPLP0,RPS4Y1,1
RPS13,RPL26,1
EEF1A1,RPS19,1
MOV10,RPL27A,0.0988751
PABPC4,RPS3A,0.0473799
RPS14,RPL24,1
RPS17,GSPT1,0.04406
RPL22,RPS17,1
RPS3,RPS10,1
ACTB,EIF3E,0.0518917
RPL18A,RPS3A,1
RPL7A,RPL13A,1
RPS10,RPL11,1
RPL27,RPL7,1
RPL11,EIF3I,0.144238
RPS27A,RPL13,1
RPS27A,RPS12,1
RPL37A,RPS14,1
EIF4G1,EEF1A1,0.0409515
RPL36A,RPL27,1
RPS17,EIF3E,1
ACTR2,GSPT1,0.41611
RPS18,RPL13A,1
UPF1,YWHAZ,0.0941883
RPS8,YBX1,0.272139
RPS12,RPL7,1
RPS25,PPP1CB,0.0455471
RPLP0,RPL18,1
RPS2,RPL10,1
RPS27A,RPS16,1
EIF3H,EEF2,0.0989294
ACTB,SNORA67,0.358846
RPL23A,SYNCRIP,0.0607946
RPL36,RPS14,1
RPL26,RPSAP15,1
ACTB,SERBP1,0.0462257
RPS13,EIF4B,1
RPL24,CFL1,0.0438554
RPL9,RPL7,1
RPS9,RPS18,1
RPL36,RPL23,1
RPS13,RPS9,1
EIF3CL,RPL9,0.0441112
DDX1,RPL22,0.337653
RPS13,RPS17,1
RPL11,RPL35A,1
RPL31,UBA52,1
RPS28,RPS8,1
RPL10A,RPL8,1
RPS15,RPL9P7,1
EEF2,RPL10,0.241158
RPL13,RPL19,1
RPL36,RPL24,1
RPS19,RPS4X,1
PPIA,YBX1,0.0446959
RPS2,IGF2BP1,0.0480048
RPS6,PCBP2,0.0736628
RPS23,RPL30,1
RPS5,HDLBP,0.139641
RPL27A,RPS26,1
RPL6,PPP1CC,0.0408873
SERBP1,RPL12,0.0492339
RPS14,RPL21,1
RPL9,RPL23,1
RPL23A,IGF2BP1,0.0466067
RPS14,RPS25,1
RPL18,RPL8,1
RPL23,RPS21,1
RPL22,RPL19,1
RPS5,RPL9P7,1
RPS23,HNRNPA2B1,0.0454312
DDX1,RPL14,0.0435322
RPS21,RPSAP15,1
RPL9,RPS9,1
RPL31,RPS16,1
RPL13,RPS13,1
PPIA,YWHAZ,1
RPS11,RPL23,1
RPL31,RPL7,1
RPS2,EEF1A1,1
RPL35A,RPS12,1
DDX1,RPSAP15,0.0565466
RPL37A,RPS24,1
RPS9,SNORA67,1
EEF2,GSPT1,0.511492
RPL4,RPLP2,1
HNRNPA2B1,RPL35A,0.13366
RPL23,RPL18,1
RPS4Y1,EIF3G,1
HNRNPL,RPL21,0.0527078
YBX1,RPL18,0.280589
RPS10,RPS27,1
RPS23,RPL28,1
ACTR2,HNRNPA1,0.0453565
RPS10,RPLP1,1
RPS14,EIF3I,1
RPL21,PGK1,0.0491784
EIF3H,RPS4X,1
RPL22,RPL26,1
RPS24,RPL10A,1
RPL6,RPL23,1
RPL18A,RPS11,1
RPS10,RPS14,1
RPL7A,HDLBP,0.127787
RPS27,RPS18,1
RPL7A,EIF5B,1
RPS6,EIF4H,1
RPL23A,RPL21,1
RPS15A,RPS18,1
RPS14,RPL7A,1
ACTB,RPS23,0.0528913
RPS10,RPLP0,1
RPL38,RPL8,1
RPS23,EIF3H,1
RPL24,RPL35,1
RPS4Y1,EIF3E,1
EIF5B,RPL13A,1
RPS27A,PABPC4,0.0457808
ETF1,RPL10,1
RPS3A,RPL12,1
CNBP,PABPC1,0.0443562
STIP1,UBA52,0.316701
RPL38,RPS19,1
RPS7,EIF4H,1
RPL30,RPL7,1
EIF4G1,RPS25,1
RPL7A,USO1,1
RPS17,EEF2,0.11366
RPL28,RPL18,1
RPS10,RPL3,1
RPLP0,RPS26,1
RPS14,RPS16,1
EIF3B,RPS6,1
RPS19,RPL7,1
RPS7,RPL13A,1
RPL18A,PGK1,0.0417239
RPS3A,EIF3I,1
RAB1A,EEF1A1,0.0406751
RPLP2,RPS18,1
RPL15,UBA52,1
RPL12,RPS26,1
RPL10A,RPL12,1
RPS24,RPL19,1
EIF3CL,RPL5,0.0444181
RPL18A,RPS8,1
RPL18,RPS27,1
RPL31,RPL7A,1
HNRNPA2B1,PPIA,0.165103
RPLP1,RPL15,1
RPL18,RPS26,1
RPS3,SYNCRIP,0.0558067
HNRNPA1,RPL35A,0.133427
RPS21,RPS26,1
RPL18A,EIF3CL,0.0436982
EGFR,PABPC1,0.041368
RPL15,RPL14,1
RPL9,RPL9P7,0.609024
RPS25,EIF3E,1
RPS28,RPS15A,1
ACTR2,EIF3B,0.126884
RPS3,UBA52,1
RPL13,RPL10A,1
RPL37A,RPS29,1
RPS2,RPS15,1
RPS3,PPIA,0.138146
RPSAP15,RPS19,1
ACTB,RPL7,0.139872
GPI,RPS12,0.0608591
RPS6,RPL5,1
RPS27A,RPS29,1
RPS16,RPL4,1
RPL7A,RPL23,1
RPS14,RPS27,1
RPLP0,EEF1A1,1
RPL23A,RPL19,1
RPL36,EEF2,0.122089
EIF3H,RPS21,1
RPL18A,RPL23,1
MOV10,RPS8,0.0860752
RPL11,RPS15A,1
RPL22,EEF1A1,1
EGFR,EEF1A1,0.132827
RPL37A,RPS3A,1
RPS28,RPS29,1
RPS8,RAB6C,1
EEF1A1,UBA52,1
RPS18,RPS12,1
STIP1,RPS24,0.0529053
RPS3A,HDLBP,0.0415438
RPL36,RPL13A,1
IGF2BP1,RPS20,0.0452684
RPL22,RPLP1,1
RPL38,EEF1A1,1
MOV10,UBA52,0.0815704
RPL22,RPS26,1
HNRNPL,RPL19,0.0520476
RPS28,RPS12,1
GPI,EEF2,0.327667
RPS29,RPS18,1
DDX1,CFL1,0.0430493
RPL15,RPS29,1
RPS14,RPL27A,1
RPS24,EIF3G,1
RPS3,ATP1A1,0.0446
RPS7,HNRNPA1,0.307108
RPS27A,EIF3B,1
RPS3,RPL15,1
MOV10,RPS13,0.0891896
RPS27A,RPL6,1
ACTB,RPL27A,0.112651
RPS2,RPL23A,1
RPS7,EIF4G1,1
RPL37A,RPL8,1
RPL13,RPS29,1
RPS14,RPS6,1
RPS7,EIF3I,1
RPL9,EIF5B,1
RPS17,FAU,1
RPL37A,RPL31,1
PABPC1,RPS17,1
ACTB,RPS24,0.340518
RPL9P7,RPS26,1
EIF3G,RPL15,0.0430939
RPS28,RPL4,1
RPS25,RPL8,1
RPS10,RPS13,1
HNRNPA2B1,DDX3X,0.155546
RPS17,RPL35A,1
RPS2,ETF1,1
RPS3,DDX3X,0.040809
RPS3A,GSPT1,0.0431179
RPS17,PPP1CC,0.040907
RPS21,RPL14,1
RPS29,RPL35A,1
RPS17,RPL15,1
RPS4Y1,RPS26,1
ETF1,RPS6,1
RPL28,RPL30,1
PPIA,RPL3,0.148681
RPS17,RPS29,1
RPS9,HDLBP,0.041413
RPL13,RPL23,1
DDX1,HNRNPL,0.0660712
HNRNPL,RPL12,0.0520631
RPS9,RPS27,1
RPS14,RPS17,1
RPL19,RPL30,1
PPP1CC,EEF2,0.0458589
RPL6,RPS18,1
RPL18A,SNORA67,0.112783
PABPC4,EIF4G1,0.104949
RPS17,EIF5B,1
EIF3H,RPS15A,1
RPL23,RPL30,1
RPS6,SNORA67,1
ETF1,RPS12,1
IGF2BP1,RPL27,0.0450278
RPS28,UBA52,1
HNRNPA2B1,RPL7A,0.151394
RPS15A,RPL13A,1
EEF1A1,EEF2,0.447128
RPS9,RPL28,1
ACTR2,EIF3I,0.0442295
RPL31,IGF2BP1,0.139983
RPLP0,RPL10,1
RPS17,RPS10,1
RPS6,RPL14,1
RPS4X,EIF3I,1
RPS25,CFL1,0.0450246
CFL1,EIF3I,0.0420705
RPS27A,PCBP2,0.0656809
RPL18,SYNCRIP,0.0553218
RPL26,RPLP2,1
RPS17,EIF4G1,1
RPL24,RPS20,1
RPS25,RPS26,1
PABPC1,PATL1,0.580475
RPL7A,RPS15A,1
RPS6,RPS26,1
IGF2BP1,RPS26,0.0485531
RPS2,RPS19,1
EIF3CL,RPL6,0.0425659
RPLP0,RPL9P7,1
SNORA67,RPL8,0.0403485
RPL27A,RPL10,1
RPS23,RPL7,1
RPS4Y1,RPL27A,1
RPS3,RPL6,1
RPS3A,RPS4Y1,1
RPS17,RPS15A,1
RPL23,SYNCRIP,0.0609167
RPL27A,PPP1CB,0.0442215
RPS5,EIF3E,1
RPL10A,RPL9,1
RPL5,RPL27A,1
RPS8,RPLP2,1
RPL36A,RPL4,1
ACTB,RPL27,0.0393642
EEF1A1,PPP1CC,0.0399491
RPS14,RPS4X,1
RPS6,RPL9,1
RPL38,RPS6,1
RPS3A,RPS26,1
YWHAZ,RPLP2,1
RPL36A,RPS18,1
RPS5,FAU,1
HNRNPA1,RPL10,0.0429127
RPLP0,RPS20,1
RPL38,RPS8,1
RPS7,RPS14,1
RPS3A,EIF4B,1
RPS11,RPL9,1
RPS9,RPL3,1
RPS15A,RPL35A,1
EIF3B,UBA52,0.0544017
MOV10,RPL11,0.092634
RPS23,RPL24,1
RPS17,HNRNPA0,0.0428458
RPL22,SERBP1,0.288142
EEF1A1,RPL13A,1
HNRNPL,DDX3X,0.0622294
ACTB,UPF1,0.0397738
RPL12,RPL30,1
EIF3B,RPL13A,1
RPL23,RPS18,1
RPS3,RPS14,1
PABPC4,RPS7,0.0485291
RPL37A,RPS27A,1
RPL18A,RPL12,1
EIF4G1,RPS29,1
HNRNPA1,RPS18,0.159114
RPS4Y1,SNORA67,1
PPP1CC,PGK1,0.0500812
STIP1,RPL10A,0.0510747
RPL13,RPL27,1
RPS28,PABPC1,1
RPS10,DDX3X,0.0545832
RPS15,SNORA67,1
RPL4,RPL15,1
RPS16,RPL11,1
RPS13,EIF4G1,1
RPS11,RPS13,1
EIF5B,RPL12,1
RPS12,RPL10,1
RPS17,IGF2BP1,0.0425433
RPS14,RPL23A,1
PCBP2,RPL11,0.069666
EIF4G1,PATL1,0.177329
CFL1,RPL26,0.132125
PABPC1,RPL21,0.267415
RPS5,RPL19,1
RPL27A,UBA52,1
UBA52,RPS18,1
RPS16,RPS25,1
EIF3G,RPL13A,1
RPL37A,RPS20,1
RPL31,RPS7,1
RPS10,EIF5B,1
RPS8,RPS15A,1
EIF3E,RPS27,1
GPI,RPS27A,0.0640731
RPS6,RPL12,1
RPL36A,RPL35,1
RPS6,EIF3E,1
RPS3A,RPL28,1
RPL36A,RPL23A,1
RPS11,RPS7,1
RPS27A,EIF4H,1
EIF5B,RPL35A,1
RPL10A,YWHAZ,1
RPL13,UPF1,0.0476972
RPL35,UBA52,1
RPS11,RPS23,1
RPS5,RPL14,1
G3BP2,DDX3X,0.183599
RPS11,UPF1,0.04113
EIF3B,RPL4,0.0425999
HNRNPA0,RPS19,0.0436318
RPL9,FAU,1
IGF2BP2,YBX1,0.0432241
RPL36,RPS11,1
RPL18A,EEF2,0.113184
PPIA,RPS19,0.0441223
RPL13A,SYNCRIP,0.0613814
EEF1A1,EIF5B,0.0427628
RPS11,RPLP2,1
RPL36A,RPS27A,1
RPL21,EEF2,0.358311
RPS17,RPL13A,1
ACTB,STIP1,0.0475447
RPL24,RPL27,1
RPS24,RPS12,1
HNRNPA2B1,RPSAP15,0.0534104
RPL31,RPS26,1
G3BP2,RPS12,0.0919076
YWHAZ,EEF1A1,1
RPL35A,SYNCRIP,0.0537476
ANXA1,EIF3I,0.0707507
RPS2,RPL8,1
EIF4B,RPS9,1
RPL31,RPL8,1
RPS20,RPS21,1
RPL10A,EIF4G1,0.0422194
RPS5,RPL26,1
RPS3A,PPIA,0.143225
RPS13,PPP1CB,0.0428745
RPS7,SNORA67,1
RPL10A,RPL23,1
RPS17,EIF3H,1
RPS5,EIF3H,1
RPS5,RPS25,1
RPL18A,UBA52,1
RPS6,RPL13A,1
EIF3B,EIF4H,1
RPS14,RPL11,1
RPS7,PABPC1,1
RPS14,RPL19,1
HNRNPA2B1,RPS26,0.0458103
RPS8,RPS26,1
RPL27,RPS27,1
RPS20,EEF1A1,1
DDX3X,RPL3,0.0408839
EEF1A1,RPL8,1
RPL36A,EIF5B,1
RPS17,RPS26,1
ETF1,RPS17,1
RPS10,RPS27A,1
RPS10,EIF4G1,1
RPL6,RPL35,1
RPS10,EIF4B,1
RPS8,SYNCRIP,0.0545358
PCBP2,RPL13A,0.0714974
RPL31,RPS26,1
RPS17,EEF1A1,1
PABPC1,SERBP1,0.0462322
RPS24,RPS15,1
RPL10A,RPS16,1
EIF4G1,RPS21,1
RPL38,RPL19,1
EIF3G,RPL35A,0.0428125
RPL38,RPS26,1
RPL10A,YBX1,0.0465527
EIF4B,EIF4G1,1
RPS15,RPL4,1
RPS3A,RPS5,1
RPL7A,RPL9P7,1
HDLBP,RPL8,0.0414032
RPL21,FAU,1
HNRNPA0,RPL18,0.0429675
HNRNPL,RPLP0,0.0496477
RPS17,RPL8,1
CFL1,RPL19,0.0425914
PCBP2,UBA52,0.0667799
RPS2,PPIA,0.0431454
HNRNPA0,RPS27A,0.0420964
RPS11,PGK1,0.0615943
YBX1,RPL13A,0.0465161
RPS3A,IGF2BP2,0.0420466
RPS3,SNORA67,1
RPL18A,RPS4X,1
RPS3A,YWHAZ,0.0400711
G3BP2,G3BP1,0.065385
RPL10A,RPL19,1
RPS13,RPS29,1
UPF1,RPL10,0.047819
RPL38,RPL23,1
EEF1A1,RPL4,1
RPS3,RPS27,1
RPS17,YWHAZ,0.040408
RPS16,CNBP,1
RPS4X,RPL14,1
RPL35,RPL26,1
RPL18,FAU,1
RPS7,RPL23A,1
RPS11,RPL7,1
HNRNPL,RPL4,0.050044
PABPC1,SYNCRIP,0.419747
RPL26,RPS4X,1
SNORA67,RPL13A,1
RPS17,HDLBP,0.042454
HNRNPL,RPS15A,0.0510088
RPS24,PGK1,0.173872
RPS17,RPS20,1
RPS17,EIF3G,1
RPS23,RPL18,1
PABPC1,RPS29,1
RPS14,RPL4,1
HNRNPA2B1,RPLP0,0.147468
EIF4B,HDLBP,0.0441283
RPS14,RPL9P7,1
EIF3CL,EEF1A1,0.0424341
RPL11,EEF2,0.260183
RPS16,EIF4H,1
PABPC4,RPL28,0.0553858
RPL24,RPL27A,1
RPS27A,RPS27,1
RPS20,EIF4H,1
DDX1,YBX1,0.169162
IGF2BP1,SYNCRIP,0.0637332
RPS13,DDX3X,0.268275
RPL24,RPS19,1
RPL31,RPS27,1
ETF1,RPS9,1
RPL38,RPLP1,1
HNRNPA1,RPSAP15,0.0531312
RPL7A,RPL24,1
DDX3X,RPS12,0.05873
RPS8,RPL14,1
EIF3CL,RPLP0,0.044371
RPS28,RPL28,1
RPL35,RPS4Y1,1
RPL13,RPS26,1
RPL7A,RPL22,1
RPS15,RPS26,1
RPS9,RPL7,1
RPS29,FAU,1
RPS15,RPL30,1
RPL14,SNORA67,0.0405388
RPS8,RPS26,1
RPS4Y1,RPL30,1
RPL23A,RPS27,1
RPS17,RPLP0,1
RPL18A,RPL24,1
RPL18A,RPL8,1
RPL22,RPL15,1
RPS3,IGF2BP1,0.134005
RPL23A,RPL9P7,1
RPS7,RPS15,1
RPS11,EIF3E,1
PABPC1,YBX1,0.276001
RPS24,RPSAP15,1
RPS4X,RPL35A,1
RPL22,RPS27,1
ACTB,IGF2BP2,0.0413578
RPS6,RPS9,1
ACTB,EEF1A1,0.62347
MOV10,RPS26,0.108006
RPS25,RPL19,1
RPL9,RPS26,1
RPL23,YBX1,0.0472404
RPS27A,UBA52,1
PABPC4,IGF2BP1,0.051116
RPS9,RPL30,1
RPL13,RPS5,1
RPS11,RPS8,1
HNRNPA1,YBX1,1
RPL7A,PGK1,0.133887
EEF1A1,RPL30,1
EIF4G1,EIF3H,1
RPL6,HNRNPL,0.0507262
RPL11,RPS27,1
UPF1,RPL26,0.0471648
SNORA67,RPS26,1
DDX3X,SNORA67,0.140917
RPS13,SNORA67,1
DDX3X,IGF2BP1,0.154341
RPL9P7,RPL4,1
RPS20,HDLBP,0.0411549
PCBP2,RPS26,0.0789933
RPS27A,RPL11,1
SYNCRIP,RPS26,0.064941
RPS3A,RPS14,1
RPL35,RPS18,1
G3BP1,EIF3I,0.0429595
RPL7A,RPL35,1
RPS3,EEF1A1,1
RPS5,RPL24,1
RPL27,EEF2,0.259171
RPL23A,RPL15,1
RPS17,RPL9,1
RPLP1,RPL3,1
CNBP,SYNCRIP,1
RPS20,RPS4Y1,1
HNRNPA0,RPLP1,0.0454797
RPL37A,RPL11,1
STIP1,PGK1,0.266928
RPL38,RPL31,1
RPS19,FAU,1
RPS10,UPF1,0.0420212
RPLP0,RPS27,1
RPL38,RPL13,1
STIP1,RPL15,0.0508236
RPS5,RPL15,1
RPS20,RPS8,1
RPS7,RPS18,1
RPS10,RPL8,1
DDX3X,RPL26,0.0412753
RPS15,RPL7,1
RPL7A,RPS29,1
RPL24,FAU,1
RPS15,RPS27,1
RPL13,RPL6,1
ETF1,FAU,1
EIF3G,UBA52,0.0455629
RPL36,RPL18,1
DDX1,RPLP1,0.0450181
EIF5B,UBA52,1
EIF3E,EIF4H,1
RPS14,RPL18,1
RPL37A,RPL13A,1
EIF3I,RPL8,0.0405159
RPS13,EEF2,0.453123
PCBP2,RPL26,0.0717605
RPL23A,RPS9,1
RPS13,RPL15,1
RPL28,RPL15,1
RPL23,RPL14,1
RPL21,RPL7,1
RPL13,RPL5,1
RPL23,RPS12,1
RPS17,RPL23,1
RPS17,UBA52,1
RPL10A,RPL18,1
HNRNPA2B1,PPP1CB,0.0444965
RPS23,RPS14,1
RPL37A,ACTB,0.107996
PABPC1,RPS15A,1
PABPC4,RPS17,0.0491345
RPL23A,RPL9,1
RPL10A,PGK1,0.0427311
RPL7A,RPL11,1
RPS23,RPS4X,1
RPL18A,RPS19,1
RPL13,EIF4G1,0.0412036
RPS13,FAU,1
MOV10,PABPC1,0.0897971
RPL23A,GSPT1,0.0447511
RPS8,RPL19,1
RPL31,EEF1A1,1
IGF2BP1,RPL21,0.149897
RPS17,EIF4B,1
RPL36,EEF1A1,1
EIF4B,SNORA67,1
CNBP,IGF2BP1,1
RPL19,RPS4X,1
EIF4B,EIF4H,1
RPS17,EIF3I,1
RPS2,RPS5,1
EIF4G1,RPL23,0.0480036
RPL35,RPLP2,1
RPL7A,RPL30,1
RPS27A,PGK1,0.335429
RPS10,ANXA1,0.075784
RPLP1,YBX1,0.320945
RPS13,SYNCRIP,0.0545139
PABPC4,RPL18,0.0485012
EIF3CL,EIF4G1,0.140723
STIP1,EEF2,0.0498742
ETF1,UBA52,1
STIP1,RPL13A,0.0504928
EGFR,ATP1A1,0.112549
EIF5B,RPL26,1
RPS23,RPS29,1
RPL31,RPS5,1
RPS11,PABPC4,0.103337
RPL36,YBX1,0.0422576
RPL9,RPS17,1
RPS6,RPL28,1
EIF4B,SERBP1,0.0538355
RPS27A,IGF2BP1,0.131357
G3BP1,PABPC1,0.0556889
RPS10,RPS6,1
DDX1,RPL11,0.0579852
RPLP1,SERBP1,0.0556121
PCBP2,PABPC1,1
RPS20,RPL3,1
RPS18,RPL7,1
RPS10,EIF4H,1
YWHAZ,EEF2,1
RPL35,RAB7A,0.0440911
RPL36A,RPS13,1
RPS17,RPL30,1
RPS15A,PGK1,0.0493783
EIF5B,HDLBP,0.0430937
PPIA,RPS9,0.0448127
RPS27A,RPL10A,1
HNRNPA2B1,YBX1,1
RPL38,RPS21,1
RPS27A,CFL1,0.242383
PABPC1,PUF60,1
RPS15,RPS18,1
RPS9,EEF1A1,1
RPL37A,YBX1,0.0487748
EIF3G,RPS26,1
IGF2BP1,RPL8,0.0457801
RPLP2,RPS26,1
CCT3,EIF3I,0.0465731
RPS23,PPP1CB,0.045308
RPL22,YWHAZ,0.0419403
SERBP1,RPL21,0.0505937
RPS24,EIF3H,1
RPL15,RPS18,1
RPSAP15,EIF4H,1
RPS27A,RPS6,1
RPS7,RPL23,1
RPS24,RPS25,1
RPS25,EIF3H,1
RPL24,RPL9P7,1
RPS13,RPL22,1
G3BP2,PABPC4,0.059954
PABPC1,EIF3H,1
RPL18A,RPL10A,1
ETF1,RPLP1,1
RPL36,RPL38,1
IGF2BP1,RPS8,0.132271
RPL24,PPP1CB,0.0443557
RPL27A,RPS15A,1
RPS14,RPL10,1
RPL6,RPS12,1
RPS27A,RPS26,1
PABPC4,PABPC1,0.0478028
EGFR,RPS25,0.044324
GPI,RPS3A,0.0432564
RPL7A,UPF1,0.0474848
RPL15,RPS26,1
EIF3I,RPS26,1
RPS6,RPS27,1
RPS17,PPP1CC,0.040907
ETF1,RPS14,1
RPL10A,RPL7A,1
RPL27,YBX1,0.0456221
RPS17,SERBP1,0.0488095
ACTB,ANXA1,0.283669
DDX1,RPL12,0.0426312
RPSAP15,RPS26,1
RPL13,RPLP1,1
HNRNPL,RPL13A,0.0515653
RPS10,RPL19,1
RPS23,CFL1,0.0449821
MOV10,RPL23,0.0987741
RPL35,RPS20,1
STIP1,RPS2,0.0517847
RPL6,RPS26,1
PABPC4,DDX3X,0.0503897
RPS17,RPS5,1
SNORA67,RPS29,1
ACTB,RPS25,0.249344
RPS17,RPL26,1
RPSAP15,YBX1,0.180631
RPL10A,RPL22,1
RPS16,RPL23,1
RPLP2,FAU,1
RPS20,RPS26,1
RPS7,RPL12,1
RPS4Y1,RPS15A,1
DDX1,ATP1A1,0.048409
RPL5,RPL13A,1
IGF2BP1,SNORA67,0.0440366
EIF4G1,RPL4,0.0415388
RPS2,RPL28,1
IGF2BP2,RPS12,0.0885875
EIF4G1,RPS15,1
RPL13,RPS14,1
DDX1,RPL7,0.0436048
ETF1,EEF1A1,0.0408984
RPL23A,EIF3G,0.0431876
RPL3,RPL35A,1
RPL22,RPL3,1
MOV10,RPL13,0.0909289
G3BP1,RPS8,0.0419307
RPS25,RPL10,1
RPS3,RPL28,1
RPL4,GSPT1,0.0432887
ACTB,RPL5,0.125916
UPF1,RPS9,0.13016
PABPC1,CAPRIN1,0.0722609
RPL9,RPS4X,1
RPS2,UPF1,0.0484085
RPL7A,EIF3E,0.0542687
YWHAZ,ANXA1,1
RPS24,RPS27,1
RPL23A,EIF5B,1
RPL11,RPL15,1
RPS10,RPS12,1
HNRNPL,RPL28,0.226203
RPS15,RPL35A,1
RPL36A,RPS15,1
PABPC1,RPS21,1
STIP1,RPL30,0.0493033
RPSAP15,PGK1,0.321316
RPL7,RPL10,1
RPL18A,RPLP0,1
RPL28,RPS12,1
RPS14,EEF1A1,1
RPS19,RPL19,1
RPS26,RPS18,1
RPS5,IGF2BP1,0.0463385
RPS2,RPS6,1
RPS16,RPS21,1
RPL11,RPS4X,1
RPS20,FAU,1
PABPC1,RPL30,0.226303
RPL6,EEF1A1,1
PCBP2,RPL8,0.0696371
RPS24,RPL3,1
RPS5,RPL7,1
HNRNPL,RPL11,0.20003
EIF3B,RPL10A,0.0436711
RPL31,RPS4Y1,1
RPS11,EIF5B,1
RPL14,EIF3I,0.0411608
RPS21,RPL7,1
IGF2BP1,UPF1,0.0472952
RPS3A,SERBP1,0.0470605
RPL27,RPL14,1
EIF4G1,RPS27,1
RPS29,RPL7,1
RPS3,RPL27,1
RPS3,RPS19,1
RPL36,RPL28,1
PCBP2,RPLP0,0.0679202
RPS28,RPS17,1
RPL9,RPL5,1
EIF3G,EIF4H,1
RPL9,UBA52,1
RPL7A,RPS18,1
RPS21,RPS18,1
EIF5B,RPS19,1
RPS17,RPS25,1
EGFR,YWHAZ,1
RPLP1,RPL7,1
RPS28,RPS27,1
RPS7,RPL5,1
RPLP0,SERBP1,0.0470553
RPS3A,RPL24,1
DDX3X,CCT3,0.162313
RPL18A,YBX1,0.0452513
HNRNPA1,RPS12,0.240703
RPS16,RPL7,1
RPS11,RPL11,1
RPL24,RPL13A,1
RPS11,EIF3CL,0.149676
RPL37A,RPL36A,1
RPL10A,RPS9,1
HNRNPA0,HNRNPL,1
RPS15A,RPL12,1
RPS20,RPL15,1
RPL5,RPS9,1
EIF3E,EIF3H,1
RPS24,RPS6,1
RPL18A,RPL5,1
RPL31,PABPC1,0.336883
RPS21,RPL10,1
HNRNPA2B1,RPS19,0.312042
RPL36A,RPS26,1
RPL13A,RPL8,1
HNRNPA0,IGF2BP2,0.0571567
DDX3X,RPL21,0.0419648
RPS3A,EIF4G1,1
UPF1,UBA52,0.0452684
RPS7,UBA52,1
RPS23,RPL22,1
RPS17,EIF3CL,0.0424739
RPS11,RPL35,1
ACTR2,RPS13,0.0443588
RPL37A,RPS15,1
HNRNPA2B1,EIF3E,0.0563417
RPL9P7,RAB7A,0.0453265
RPS24,EIF4H,1
PPIA,HDLBP,0.0442352
EIF4G1,EEF2,0.164751
DDX1,DDX3X,0.162791
G3BP2,RPS7,0.0441741
RPL28,RPS4X,1
RPL35,RPL11,1
RPL26,RPL18,1
RPS9,EEF2,0.115338
RPL36,PPP1CB,0.0434656
RPS17,RPL9P7,1
RPS15,RPLP1,1
DDX3X,CFL1,0.0418484
RPL7A,RPL3,1
IGF2BP1,CFL1,0.043001
EIF4G1,RPL26,0.0475931
RPS27A,RPL13A,1
EIF3G,RPL30,0.0426735
RPL31,RPL13,1
RPL36,RPS3A,1
SNORA67,RPS27,1
EIF4B,RPL13A,1
RPL23A,RPL4,1
HNRNPA0,UBA52,0.0422659
RPL6,RPL3,1
EEF1A1,RPS15A,1
RPL9P7,RPL23,1
RPS27A,FAU,1
RPS24,EIF4G1,1
RPS14,RPS26,1
UPF1,RPL8,0.0488771
RPLP1,UBA52,1
RPLP0,RPS18,1
HNRNPL,PUF60,1
RPS3,FAU,1
EIF3CL,RPS18,0.0431334
ACTB,RPS3A,0.378503
EIF4G1,RPS12,1
EEF1A1,RPL28,1
RPS15,RPL21,1
RPL26,EEF2,0.16287
RPS6,EIF4G1,1
RPL37A,RPL12,1
RPL7A,RPL4,1
RPL19,RPL12,1
RPL23,RPL8,1
RPS6,RPSAP15,1
ETF1,RPL8,1
RPL11,UBA52,1
EIF3G,EIF3I,1
CAPRIN1,RPL4,0.0668695
RPL10A,RPS4Y1,1
RPL6,RPS21,1
RPL3,EEF2,0.318996
ACTR2,RPLP2,0.0440116
GPI,RPL11,0.0442093
RPL3,RPS18,1
PABPC1,CFL1,0.126964
HNRNPA2B1,SNORA67,0.0424929
RPS27,RPL7,1
PABPC4,RPLP1,0.0550849
RPS16,RPL27A,1
RPS27A,RPL10,1
EIF4G1,PGK1,0.0513728
PABPC1,EIF3E,1
RPS4X,HDLBP,0.0420038
PATL1,RAB6C,0.0565864
RPS27A,RPL23A,1
CNBP,RPS4X,0.0454271
RPL27A,YBX1,0.0472401
EIF4B,RPS20,1
EIF3CL,RPS17,0.0424739
RPS11,RPS28,1
RPS8,RPL13A,1
RPL9P7,RPS12,1
RPL10A,RPS6,1
RPSAP15,RPS26,1
RPS15,EIF5B,1
RPL38,IGF2BP1,0.0476263
RPL28,RPL12,1
RPL36,RPL21,1
RPS9,RPL21,1
G3BP2,RPL7A,0.0437383
STIP1,RPL19,0.0505226
RPL36,PABPC1,0.237562
RPL3,RPS15A,1
RPL26,RPL7,1
RPL23A,RPL35,1
EIF3E,RPL13A,1
RPS3A,RPS6,1
RPS8,RPL27A,1
RPS16,RPL19,1
G3BP2,RPL4,0.0580036
RPS16,EIF3H,1
RPS15,RPL19,1
RPS17,IGF2BP2,0.0425972
RPL36A,RPS20,1
RPS6,EIF3I,1
DDX3X,RPL28,0.0439798
RPS21,RPLP2,1
RPL38,RPS27,1
HNRNPA2B1,EEF1A1,0.114159
RPS23,FAU,1
HNRNPL,RPS4X,0.194804
RPL22,RPL13A,1
RPL9,RPL22,1
EEF1A1,RPL27A,1
G3BP1,PUF60,1
GPI,RPL3,0.0438288
RPS11,RPL27,1
RPS10,FAU,1
RPL18A,RPL15,1
RPS17,EEF2,0.11366
MOV10,RPS5,0.0942634
RPL12,RPL10,1
RPL11,RPL18,1
RPS21,RPS12,1
RPLP0,RPL27A,1
EIF3B,EIF4G1,1
RPLP1,RPS19,1
RPS27A,RPL22,1
EGFR,RPL23A,0.0428611
RPS3A,RPS21,1
RPL35,RPL3,1
RPS4X,RPS27,1
RPS7,EIF5B,1
RPS20,RPS12,1
CFL1,SNORA67,0.126808
ETF1,RPL27,1
RPL10A,RPS27,1
HNRNPL,RPL23A,0.205175
RPL9,EEF1A1,1
RPS17,SERBP1,0.0488095
RPS15A,EEF2,0.33818
ACTR2,CCT3,0.0443077
RPL6,RPS8,1
RPS16,HDLBP,0.041863
RAB6C,RPL13A,0.0496475
RPS23,RPL6,1
RPS7,RPS26,1
RPS17,HDLBP,0.042454
RPS3A,RPL21,1
SERBP1,RPS19,0.278307
RPL10A,RPS21,1
EIF4G1,PPP1CC,0.126908
RPL36,RPS20,1
EGFR,RPS5,0.0427957
RPL24,HNRNPA1,0.0442128
IGF2BP1,SERBP1,0.0509305
RPL36,RPS27,1
RPL23A,RPL35A,1
ETF1,RPL24,1
RPL7A,RPL27A,1
RPS4Y1,RPL5,1
RPS6,UPF1,0.0480193
STIP1,RPL4,0.0487839
EIF4G1,YWHAZ,1
RPL22,RPL5,1
RPS17,RAB1A,0.0446908
RPS23,UBA52,1
RPS10,RPL35,1
EIF5B,RPS26,1
PCBP2,RPS9,0.07205
ATP1A1,RPL23,0.0461048
HDLBP,RPL30,0.0416323
RPS10,RPS19,1
ACTB,HNRNPA1,0.142745
RPS7,RPS8,1
RPL6,EIF3G,0.0426442
RPS3A,RPL26,1
RPL11,RPS20,1
RPL36A,RPL28,1
RPS20,RPS4X,1
RPL5,EIF3I,0.040677
ACTB,RPLP0,0.400002
RPL18A,RPS10,1
ACTB,RPS6,0.291122
ETF1,RPL10A,1
RPS20,RPS27,1
RPS23,RPS27,1
MOV10,RPS27A,0.0799506
RPS11,RPL14,1
CFL1,YBX1,0.0439334
RPS17,RPL5,1
RPL36,RPL3,1
ETF1,RPLP2,1
HNRNPA0,IGF2BP1,0.219124
RPS21,RPL35A,1
SNORA67,PPP1CB,0.0426209
ACTB,RPS19,0.35585
RPL22,RPL14,1
MOV10,RPL8,0.0946173
EIF3B,RPLP1,0.0592721
RPS7,RPS5,1
RPL6,RPS4X,1
RPL31,RPS14,1
RPS10,RPS15,1
RPS3A,RPSAP15,1
RPS23,RPS24,1
EGFR,HNRNPA2B1,0.0438365
RPS27,RPLP2,1
RPL18A,SYNCRIP,0.0567131
RPS4X,RPL12,1
RPL31,ETF1,1
RPL6,RPL21,1
HNRNPL,RPL26,0.0515572
RPS20,RPS26,1
RPS3,RPL19,1
PPIA,RPS20,0.0442986
RPL9,RPL11,1
RPS21,RPL30,1
RPLP0,YBX1,0.383378
RPL38,EIF4G1,0.0517189
RPL5,RPS29,1
RPS23,RPS8,1
RPL23A,RPS4Y1,1
RPL18A,RPL3,1
RPS23,RPS18,1
RPS15A,FAU,1
RPL15,EEF2,0.243048
RPL12,RPL13A,1
RPL9,RPS26,1
RPL36,RPS27A,1
RPL4,RPS12,1
RPL6,RPL28,1
RPS10,SNORA67,1
RPS23,RPL23,1
RPS7,IGF2BP1,0.136687
DDX3X,ATP1A1,0.0456558
RPL15,RPL35A,1
ACTB,RPS27,0.0577626
RPS9,RPL14,1
RPSAP15,RPL14,1
FAU,RPS27,1
RPL38,RPL30,1
RPS7,DDX3X,0.142723
RPS26,RPS12,1
RPL23A,RPS21,1
RPS21,RPL18,1
MOV10,RPL12,0.0917756
RPL18A,RPS29,1
RPL10A,RPS19,1
RPS6,UBA52,1
RPL5,RPS21,1
SERBP1,RPS12,0.104809
RPL35,RPSAP15,1
RPL4,RPS26,1
RPS3,RPS23,1
RPS9,RPL4,1
RPS13,EIF3I,1
RPL7A,PPIA,0.04284
G3BP2,IGF2BP1,0.0459463
RPL28,RPL7,1
RPL18A,RPS27,1
RPL14,HDLBP,0.0420223
RPS3A,RPS18,1
RPL18A,RPL7,1
RPS3,PABPC4,0.0466768
RPS23,RPLP0,1
RPS20,EEF2,0.261187
PFN1,PPIA,0.17114
RPSAP15,RPL15,1
EIF4H,RPS12,1
HNRNPA0,YBX1,1
RPL36,RPL5,1
RPL35,RPL19,1
RPS14,RPLP1,1
RPL27,PPP1CB,0.0429278
RPL36,RPL13,1
RPL37A,RPS3,1
RPS5,SNORA67,1
RPS13,YBX1,0.270825
RPL9P7,PGK1,0.0533193
RPS6,DDX3X,0.041521
UBA52,RPL8,1
RPL4,RPL35A,1
RPL31,EIF5B,1
ACTB,RPL26,0.0403567
RPS27A,RPL8,1
RPSAP15,PATL1,0.0423437
RPS10,RPS7,1
RPS24,EIF3I,1
RPS11,RPS27,1
ACTB,RAB6C,0.150243
RPL36,RPLP1,1
RPL31,RPS11,1
RPS2,G3BP1,0.0429164
GPI,GSPT1,0.0710744
ACTB,RPS14,0.147983
EIF4B,EIF3G,1
RPS10,RPL6,1
RPS27A,RPL12,1
EIF4G1,RPSAP15,1
RPS17,RPS19,1
RPS13,RPL11,1
RPL37A,SERBP1,0.0655942
STOM,PUF60,1
RPL22,RPS21,1
RPS3A,RPL35,1
RPS13,RPS26,1
SERBP1,UBA52,0.0465926
RPL15,RPL13A,1
RPS3A,EIF4H,1
RPS23,RPL35,1
RPS16,RPLP1,1
RPS6,RPL35,1
RPL9,RAB7A,0.0453265
ATP1A1,RAB6C,0.0520075
EIF4B,RPL19,0.043852
RPS2,HNRNPA1,0.0424514
RPL6,RPS19,1
DDX3X,RPL35,0.0418456
HNRNPA2B1,RPL27,0.042809
ETF1,RPL13A,1
RPS19,RPL10,1
RPS3,RPS9,1
RPL23,RPS15A,1
HNRNPA2B1,RPS6,0.0423542
RPL11,RPL26,1
EIF4G1,EIF5B,0.367653
RPS2,RPL7,1
EIF3G,EIF3E,1
RPL10A,RPL13A,1
RPL37A,RPL9,1
RPS16,FAU,1
RPS25,PPP1CC,0.0488154
EIF3B,RPL30,0.0425518
RPS13,RPLP1,1
RPS14,RPS15A,1
ATP1A1,YWHAZ,0.0476665
RPS28,RPS24,1
RPL36,RPS15A,1
RPS3,RPS25,1
RPS11,RPL6,1
RPL23A,RPS20,1
RPL36,RPL10,1
RPS27A,EIF3E,1
RPS9,RPL10,1
G3BP1,RPL3,0.0419449
RPL15,PGK1,0.0500262
RPS7,RPS29,1
RPS20,RPL18,1
RPS3A,RPL18,1
STIP1,RPL21,0.0500205
RPLP0,EIF3G,0.0434191
RPL38,RPL24,1
RPL9P7,RPS19,1
RPL21,RPLP2,1
RPS24,RPL22,1
RPL37A,EIF3E,0.0616176
RPS17,RPL28,1
RPS19,RPS29,1
RPS15A,RPL18,1
RPS23,RPL7A,1
RPS11,STIP1,0.0505347
RPS17,RPS14,1
RPS13,RPSAP15,1
RPL37A,RPLP0,1
RPL18,EIF3I,0.142439
EEF1A1,HDLBP,0.0411621
RPL35,RPS15A,1
PGK1,RPL14,0.0507825
RPL9,RPL27,1
RPS25,EIF3I,1
STIP1,RPL11,0.0498712
MOV10,RPS2,0.0984742
RPL9P7,RPL21,1
RPS26,FAU,1
HNRNPA2B1,RPS9,0.16137
PABPC1,RPL22,0.0425642
RPL3,GSPT1,0.0438822
RPL27,RPL19,1
ETF1,RPS29,1
EIF4G1,RPL15,0.0415124
RPL9P7,EEF1A1,1
RPL24,PPIA,0.0453744
RPL27,RPL12,1
RPLP2,RPS4X,1
EGFR,UBA52,1
RPS15,RPS26,1
EIF4B,IGF2BP2,0.0443203
RPL27A,RPL8,1
PABPC4,RPL14,0.0510203
RPS17,RPSAP15,1
ACTB,EIF3I,0.134752
FAU,RPL7,1
RPL9P7,UBA52,1
RPL9,RPL19,1
RPS13,RPLP2,1
RPS3A,CFL1,0.127714
RPL27A,RPL15,1
RPL37A,RPL35A,1
RPL19,RPL35A,1
RPS7,RPL15,1
RPS2,UBA52,1
RPL6,RPS17,1
RPL15,SYNCRIP,0.0572905
RPL23,RPL19,1
RPL37A,RPL3,1
RPL19,RPS26,1
RPS17,UBA52,1
IGF2BP2,RPL22,0.0439404
RPL36A,RPL14,1
RPLP0,RPL3,1
RPS28,RPL13,1
RAB1A,RPL22,0.0468966
RPS15,RPS29,1
EEF1A1,RPL15,1
ACTB,PPP1CB,0.173696
RPL6,RPS14,1
RPL36,RPS12,1
RPS26,RPL7,1
EIF3G,RPS27,1
RPLP0,EIF4G1,0.0413704
RPS16,RPL12,1
RPS4Y1,FAU,1
RPL36A,RPL6,1
RPL24,EIF4G1,0.047838
RPS14,PABPC1,1
PABPC1,RPL8,0.128437
GPI,RPL5,0.0454444
RPL37A,RPS17,1
HNRNPA2B1,RPS8,0.271347
RPS28,RPL35,1
RPS5,RPL28,1
ACTB,CCT3,0.434942
EIF3B,RPS12,1
PCBP2,EEF1A1,0.0627871
RPLP1,RPS27,1
RPS28,RPS10,1
HNRNPA1,RPL30,0.127161
HNRNPL,IGF2BP1,0.052874
EIF4B,RPL21,0.0448776
RPS7,RPL8,1
RPS2,EIF3B,1
RPS23,DDX1,0.0586483
RPL21,RPS29,1
RPL37A,RPLP2,1
HDLBP,RPS18,0.0412503
RPSAP15,SNORA67,1
EIF3B,RPL19,0.0421676
HNRNPL,HNRNPA1,1
UBA52,SYNCRIP,0.0532442
YBX1,RPS12,0.0609836
RPL24,EIF5B,1
PPIA,RPL26,0.152042
RPLP0,RPL5,1
RPS24,RPS16,1
RPL9P7,RPL26,1
G3BP2,RPS8,0.0434443
RPLP0,RPL27,1
RPL18A,GPI,0.0441944
RPL10A,RPL4,1
RPL7A,RPS21,1
RPS16,RPL14,1
RPS3A,RAB6C,0.0617407
RPL13,RPS25,1
HNRNPA2B1,RPS18,0.295621
RPL6,RPL35A,1
ACTR2,RPS20,0.0444792
RAB7A,RAB6C,1
RPL26,PPP1CB,0.0435343
RPL27A,RPL7,1
RPL10A,IGF2BP1,0.0463345
HNRNPA0,EIF3E,0.0523028
HNRNPA1,RPL4,0.119456
EIF3G,SNORA67,1
PABPC1,RPL35A,0.338971
RPL28,SYNCRIP,0.0685388
RPL13,RPL4,1
RPS24,RPL5,1
RPS27A,PPP1CB,0.0417484
RPL9P7,RPS18,1
RPL6,RPL19,1
RPLP0,RPL11,1
RPL18A,RPL19,1
RPS11,RPS19,1
RPL23A,RPS25,1
EEF1A1,RPS4X,1
RPS23,RPL26,1
RPS2,RPL11,1
ACTB,PUF60,0.0533032
RPS17,RPL19,1
RPS16,RPL7A,1
RPS21,SERBP1,0.104965
EIF3E,RPL18,0.0552672
RPL27A,RPS21,1
HNRNPA1,PABPC1,0.12762
RPS5,EIF4H,1
RPS3,RPS6,1
RPS2,RPL7A,1
PABPC4,UBA52,0.0461975
EIF3H,SNORA67,1
RPS11,EIF4B,1
RPLP1,CFL1,0.0457973
ACTB,LSM14A,0.0918446
RPS27A,RPS15A,1
RPS28,EIF4G1,1
EIF3B,RPS19,1
RPLP1,RPL19,1
RPL11,RPS21,1
DDX1,SERBP1,0.2808
RPL19,RPL7,1
RPL31,RPL23A,1
RPS26,RPS27,1
RPL37A,RPLP1,1
RPL24,RPS25,1
RPS28,RPS13,1
RPL22,RPS15A,1
EIF4G1,RPL5,0.141532
RPL35,RPL15,1
RPS5,RPL4,1
MOV10,RPS4X,0.0867583
PABPC4,RPL6,0.04841
CFL1,RPS19,0.0436887
HNRNPA0,EIF3I,0.048956
RPS9,UBA52,1
RPS4Y1,PABPC1,1
RPL36,RPS23,1
RPS5,RPS4X,1
EIF3H,RPS27,1
RPL18A,RPS13,1
RPS9,PPP1CB,0.0436534
EIF3CL,EIF3E,0.215482
RPL36A,RPS27,1
PPIA,RPL10,0.0439415
UPF1,SNORA67,0.0403881
RPL3,PPP1CC,0.322473
RPS13,RPS19,1
RPS17,GSPT1,0.04406
RPS23,RPL3,1
RPLP0,RPL23,1
RPL36A,RPLP0,1
RAB1A,YWHAZ,0.0444824
RPL7,RPS26,1
RPL26,RPS26,1
RPS7,RPS27,1
RPL3,RPS27,1
ETF1,RPL35,1
RPL26,SNORA67,0.0426754
EIF1AY,EIF5B,1
RPL7A,RPL19,1
RPS24,RPS13,1
RPL15,EIF3I,0.0410075
SNORA67,RPL7,0.0426259
ETF1,RPL12,1
RPL35A,RPL10,1
RPS9,RPL35A,1
RPS14,RPL3,1
RPS8,RPL18,1
RPL36A,RPL36,1
EIF4B,FAU,1
RPL31,RPS15A,1
UPF1,PATL1,0.147518
STIP1,RPS3A,0.04888
RPLP2,RPL8,1
RPS7,RPS13,1
RPL27A,EEF2,0.245722
RPL4,PPP1CB,0.0417907
EIF3B,RPS29,1
RPS7,RPLP0,1
RPL9,RPL26,1
RPL36,PPIA,0.15202
PABPC1,RPLP2,0.228935
RPL27,RPL10,1
RPS27A,EEF2,0.482591
RPS27,RPL12,1
RPS3,YBX1,0.306134
ACTB,RPL9P7,0.165114
HNRNPA2B1,RPL21,0.151131
EIF5B,RPL4,1
RPL13,RPS15A,1
RPS4X,RPL13A,1
PPP1CC,RPL35A,0.326611
RPS15,RPLP2,1
RPS19,RPL30,1
RPS11,RPS3A,1
RPL6,RPS27,1
HNRNPA2B1,RPS25,0.0450998
ACTB,RPS12,0.169052
APOE,RPS12,0.118085
RPS14,RPL28,1
RPS2,RPL30,1
SERBP1,RPL14,0.0512072
RPL36,RPS27,1
PPP1CC,RPL30,0.0405202
RPS25,FAU,1
RPS13,RPS6,1
PABPC1,RPL10,0.249899
RPS3,RPS21,1
RPL11,RPS29,1
EIF3B,EIF3G,1
RPS3A,RPS25,1
RPL36,RPSAP15,1
RPL3,RPSAP15,1
CFL1,RPL18,0.138355
RPL21,UBA52,1
RPS25,EIF4H,1
UPF1,RPL27A,0.0489284
ETF1,RPSAP15,1
RPS3A,RPL22,1
RPS27A,RPS14,1
EEF2,RPS27,0.0630217
EEF1A1,RPSAP15,1
RPL21,SYNCRIP,0.0610164
RPL24,SYNCRIP,0.0621209
RPL5,RPL10,1
RPL38,PGK1,0.0529843
DDX3X,YWHAZ,1
EIF3B,RPS26,1
RPL21,RPL8,1
RPS3A,RPL7,1
RPL18A,RPL30,1
HNRNPA2B1,UBA52,0.26048
HNRNPA1,RPS4X,0.146804
HNRNPL,RPL15,0.0519874
RPL36,RPL27,1
RPL12,RPS12,1
RPS11,RPL18,1
RPL15,RPS4X,1
PABPC4,HNRNPA2B1,0.050655
RPS4Y1,RPL14,1
RPS6,RPL22,1
IGF2BP2,YWHAZ,0.0421479
RPL4,RPL10,1
RPL12,RPL8,1
RPS25,RPS26,1
SNORA67,RPL18,0.111753
EGFR,EEF2,0.0418086
RPS13,RPL23A,1
RPL36,RPL10A,1
HNRNPA0,HNRNPA1,1
G3BP2,DDX1,0.047026
RPL4,EEF2,0.22939
IGF2BP1,RPL30,0.0416842
RPL24,RPLP0,1
RPS7,PPP1CC,0.0407169
STIP1,RPS4X,0.0495085
RPS16,EIF5B,1
RPS17,RPS25,1
RPS29,RPS26,1
RPS17,RPL38,1
RPS13,RPL8,1
EGFR,RPS13,0.0421954
RPL13A,RPL10,1
RPS10,RPS9,1
RPL4,EIF3I,0.0401095
RPS10,RPS25,1
PABPC1,EIF3G,1
EIF4B,RPL22,0.05181
EGFR,RPL27,0.0422275
RPS3A,RPL6,1
HNRNPA2B1,RPL18,0.288844
RPL14,RPS26,1
RPS17,RPL4,1
RPL24,PCBP2,0.0735551
RPS20,RPL22,1
G3BP2,RPS19,0.0455902
RPL18A,RPL26,1
PPP1CB,RPL10,0.0430931
RPL23A,RPL14,1
RPS17,RPS7,1
UPF1,RPL15,0.0490041
RPS14,SERBP1,0.23457
RPS3A,EIF5B,1
EIF3B,RPL27,0.0429055
RPS2,RPL21,1
RPLP1,RPL4,1
RPL6,EIF5B,1
RPS4Y1,EIF3H,1
RPL31,RPL27,1
RPL13,GSPT1,0.0437138
UPF1,PPP1CC,0.0573807
RPS11,RPL10,1
RPL24,IGF2BP1,0.0472664
RPL6,RPL7A,1
RPL38,RPS27A,1
DDX3X,CAPRIN1,0.0758455
EIF3CL,RPL12,0.0419991
RPL37A,RPL36,1
HNRNPA1,RPL14,0.0432037
RPL36,RPL19,1
EIF3G,RPS9,1
RPL11,RPL9P7,1
RPL26,RPS26,1
RPL31,RPS8,1
RPL3,RPL15,1
EIF5B,RPL21,1
RPS9,RPS19,1
ACTR2,RPL10,0.0456121
RPS3,RPS27,1
RPS15,RPS21,1
RPS14,EEF2,0.343489
RPS16,RPS18,1
RPSAP15,RPL18,1
RPL31,RPS9,1
RPL9P7,RPL18,1
RPS4Y1,RPL18,1
DDX1,RPS25,0.0584136
DDX3X,IGF2BP2,0.0503779
RPL23A,EEF2,0.240403
DDX3X,RPL35A,0.0412795
HNRNPA1,YWHAZ,1
RPL10A,UBA52,1
RPL3,RPL14,1
RPS3A,PPP1CB,0.0421394
EIF3B,SNORA67,1
RPL6,HNRNPA1,0.0424852
PABPC4,PUF60,1
RPLP1,RPS8,1
RPL35,PABPC1,0.249268
RPS20,RPL5,1
RPL7A,RPS20,1
RPL31,RPS17,1
RPS9,RPL26,1
ATP1A1,CFL1,1
RPS7,FAU,1
RPS5,ETF1,1
RPS23,RPL27A,1
RPL6,RPL23A,1
EIF4B,EEF1A1,0.124745
RPS15A,RPL15,1
ETF1,RPS16,1
ACTB,LASP1,0.564375
RPS4Y1,RPS21,1
PABPC1,EEF1A1,0.380792
RPS4Y1,RPL9P7,1
PABPC4,YBX1,0.0505802
RPL7A,ANXA1,0.0657141
RPS16,PPIA,0.0454661
EEF2,RPL8,0.139709
RPS3,SND1,0.133322
RPS3,RPS26,1
RPL36A,RPS26,1
RPS27,RPL18,1
RPS13,UBA52,1
HNRNPL,RPL7,0.0533863
ETF1,RPL14,1
RPL21,RPS27,1
RPL3,SNORA67,0.109419
RPL18A,RPS18,1
RPL24,RPL26,1
EIF5B,RPL7,1
EIF3CL,EIF3H,0.256991
RPL13,RPS12,1
EIF3B,EEF1A1,0.0416934
PABPC1,RPL27A,0.257079
GPI,RPSAP15,0.0456951
RPS14,RPL12,1
HNRNPA2B1,EIF3I,0.054931
RPS7,CFL1,0.0418462
G3BP2,HNRNPA2B1,0.0457678
HNRNPA2B1,SERBP1,0.051219
RPL11,EEF1A1,1
RPL7A,RPL15,1
RPL27,SNORA67,0.116786
PPIA,RPS17,0.0430822
RPS6,RPL18,1
RPL13,RPL14,1
EIF4G1,RPL12,0.127758
EIF3B,HNRNPA1,0.0562035
RPS3,RPLP1,1
ACTB,RPS3,0.201368
RPS8,RPL4,1
RPS5,RPL6,1
RPL37A,RPS13,1
RPL24,RPL4,1
RPL24,RPLP2,1
RPL3,RPL26,1
RPL5,RPS4X,1
RPS21,HDLBP,0.0443992
ETF1,RPS26,1
RPS15,RPL5,1
RPL38,RPS10,1
RPL9P7,EEF2,0.184634
HNRNPA0,RPL12,0.04287
DDX1,IGF2BP2,0.0542697
HNRNPA1,RPL18,0.286869
EIF4B,RPL7,0.0449615
RPS23,RPL15,1
RPS4Y1,RPS29,1
RPS7,SERBP1,0.266415
RPS16,EIF4G1,1
EIF5B,CCT3,0.0453375
CFL1,RPL15,0.0428168
RPL18A,RPS2,1
RPLP0,RPL30,1
RPS11,RPS14,1
EIF5B,RPS18,1
RPS14,PPP1CB,0.04341
RPS3,EIF3H,1
EIF3B,RPL10,0.0431643
RPS7,RPS20,1
ETF1,RPS15,1
PABPC1,PGK1,0.0590649
PABPC1,EIF3I,1
RPL22,RPS15,1
RPS10,RPS2,1
RPL24,RPL30,1
RPS17,RPL14,1
RPL13,PABPC1,0.256828
RPS2,RPL18,1
RPS27,RPS26,1
RPS17,RPL27A,1
RPL9P7,RPS8,1
ACTB,RPS13,0.309145
RPS12,RPL13A,1
RPSAP15,EIF3I,1
RPL15,RPS12,1
RPS14,RPLP2,1
IGF2BP1,ATP1A1,0.0473542
RPL35A,UBA52,1
RPSAP15,EEF2,0.293557
RPL13,RPL28,1
EIF5B,RPSAP15,1
RPS13,RPL28,1
RPL18A,RPS27A,1
RPL18A,HNRNPA1,0.0422813
RPL22,RPL9P7,1
RPS27A,RPLP2,1
RPL6,RPL5,1
RPL9,RPL35,1
RPL28,RPL35A,1
RPS27A,RPL18,1
RPS2,RPL9P7,1
RPS5,EIF5B,1
RPS29,RPL30,1
RPL3,RPS26,1
RPL35,SYNCRIP,0.0620376
RPS2,RPS4X,1
RPS25,RPS8,1
RPS2,RPL4,1
RPL24,RPS21,1
RPS4Y1,RPS27,1
RPS13,RPL9P7,1
RPS7,HDLBP,0.041709
UPF1,RPL13A,0.0486913
RPS27A,RPL21,1
RPL31,RPS25,1
RPS17,RPLP2,1
RPS6,RPL7,1
HNRNPA1,RPL19,0.042683
RPS25,EIF5B,1
RPS23,ETF1,1
CNBP,RPL3,1
SNORA67,UBA52,0.403714
RPL38,RAB7A,0.0452842
RPL9,RPL30,1
RPS20,RPLP1,1
RPL19,RAB7A,0.043732
RPL38,RPL7,1
EIF3B,RPSAP15,1
EGFR,RPL35A,0.0426553
RPS6,RPL7A,1
RPL37A,RPS9,1
EIF3CL,RPL27A,0.0425835
RPL3,RPL21,1
RPS28,EIF3I,1
RPL36,HNRNPA1,0.131508
EIF3CL,ETF1,0.148476
RPS2,RPL19,1
CNBP,RPL26,1
ETF1,RPL11,1
RPS4Y1,RPL28,1
RPL18A,RPLP2,1
HNRNPA1,RPS21,0.0934764
RPS20,RPL7,1
RPS6,RPS25,1
EIF3CL,RPSAP15,0.0432728
RPL23,RPL15,1
EIF5B,RPLP2,1
RPS27A,EIF5B,1
RPS11,RPS26,1
RPS8,SNORA67,1
UBA52,RPS27,1
IGF2BP1,RPLP2,0.0423492
RPL38,RPL14,1
RPS5,RPL21,1
RPS9,RPL8,1
RPL37A,RPL18A,1
RPS13,RPL23,1
RPL22,RPS12,1
RPS23,RPS27A,1
RPS3A,RPS12,1
RPL7A,RPS17,1
RPS16,RPL8,1
RPS23,RPL14,1
RPS25,RPS29,1
RPS28,RPLP2,1
RPL27A,RPS27,1
EIF4B,RPS17,1
G3BP2,RPS17,0.0444246
RPS6,SERBP1,0.049861
RPLP0,RPS27,1
RPL31,RPLP0,1
RPS7,RPL22,1
ETF1,RPS25,1
RPL18A,RPL14,1
EIF5B,RPS29,1
RPL7A,RPS12,1
RPS17,YBX1,0.0433526
RPL18A,ACTR2,0.0450588
RPS2,EIF3I,1
RPL7A,DDX3X,0.142967
RPS16,RPS8,1
RPS27A,EGFR,1
RPS23,RPS7,1
DDX3X,RPS9,0.0520156
ACTA2,EEF1A1,0.0993452
UPF1,RPL7,0.0471055
RPS4Y1,RPL15,1
RPS17,PABPC1,1
EEF2,RPL13A,0.124302
RPS25,RPL9P7,1
RPL37A,RPL18,1
RPL35,RPL27,1
UPF1,RPS26,0.0489804
RPS23,EIF3G,1
RPL36A,UBA52,1
RPS28,RPS25,1
ETF1,PABPC1,1
RPS7,YBX1,0.271862
RPS2,SYNCRIP,0.0607893
RPS3A,SNORA67,1
RPL13,EIF3G,0.043379
FAU,RPS12,1
RPS7,RPL30,1
ACTB,RPS9,0.124741
RPL36A,RPS25,1
EIF3CL,RPL24,0.0422582
HNRNPA1,HDLBP,0.0433631
RPS16,UPF1,0.0414156
RPL15,FAU,1
RPS5,RPLP0,1
RPS4Y1,RPL23,1
RPS24,RPLP2,1
DDX1,RPL9,0.0596348
PABPC1,PPP1CC,0.0402796
ETF1,GSPT1,1
RPL13,RPS4X,1
RPS11,CFL1,0.0430617
SERBP1,RPL15,0.0509216
RPS3,EIF3E,1
ACTR2,RPS3A,0.0440183
ATP1A1,SNORA67,0.0449372
RPS3A,PCBP2,0.0675688
EIF3E,YBX1,0.0564304
RPS3A,RPS29,1
RPS13,RPS14,1
RPS11,EIF3H,1
RPL13A,RPL7,1
RPS3A,RPS20,1
UBA52,RPS12,1
EIF4H,RPS27,1
SNORA67,RPL10,0.117294
RPLP0,RPL35,1
RPS27A,EIF3I,1
RPS3A,RPL9,1
RPS5,EEF1A1,1
RPS27,RPL10,1
RPL14,EEF2,0.349966
DDX3X,RPSAP15,0.0519285
EEF1A1,RPL18,1
RPL9,HDLBP,0.042494
RPS13,EIF4H,1
CFL1,RPS26,0.0452433
ANXA1,RPL18,0.0693704
PCBP2,RPL27A,0.0734316
RPS3,RPS13,1
RPS10,RPS20,1
EIF5B,RPS21,1
RPS20,RPL14,1
RPL36,RPS19,1
RPS8,RPL30,1
HNRNPA1,EIF3I,0.150975
ACTA2,EEF2,0.10211
RPL5,RPS25,1
RPS14,HDLBP,0.041245
RPL37A,RPL27A,1
RPS3,RPL26,1
G3BP2,RPS3,0.0428953
RPL7A,RPS8,1
RPS7,RPS16,1
RPS23,EEF2,0.282288
ACTB,RPL24,0.0396403
RPS27A,RPL35A,1
RPS3A,PABPC1,1
IGF2BP1,RPL18,0.141964
RPS11,RPS5,1
EIF3G,RPS15A,1
RPS20,EIF5B,1
ETF1,RPS27,1
RPS4X,RPS18,1
RPL13,DDX1,0.0553124
RPS25,RPS15A,1
RPS10,RPS18,1
EIF3E,RPS12,1
RPL26,RPL15,1
RPL18A,RPS24,1
RPL7A,EEF2,0.331165
RPL10A,RPS4X,1
PGK1,RPS18,0.0507735
RPL10A,RPS27,1
RPS27A,HNRNPL,0.0493771
EIF3CL,RPL7A,0.0431449
RPS3,RPS12,1
STIP1,RPLP0,0.0489165
RPL24,CNBP,1
RPL18A,RPL21,1
RPL28,RPLP2,1
RPL10A,RPL30,1
EEF1A1,RPS12,1
RPS5,RPS27,1
RPS13,RPS4X,1
HNRNPA0,RPL15,0.0435838
YWHAZ,RPL13A,0.0458674
RPL22,RPS18,1
RPL36A,RPS15A,1
RPS6,RPS26,1
RPS15A,RPS27,1
RPS19,EIF4H,1
RPS16,RPL26,1
RPL23A,PABPC1,0.245942
RPS27,PGK1,0.0724571
RPL36,RPL14,1
RPS28,RPL14,1
RPS10,UBA52,1
RPL35,RPLP1,1
HNRNPL,RPL18,0.0520645
RPS3A,RPS26,1
RPL9P7,RPLP2,1
RPL38,RPL35A,1
ACTR2,RPL3,0.0439659
RPS12,RPS26,1
RPS8,RPSAP15,1
RPL37A,RPS26,1
PGK1,RPS12,0.0541576
RPL36,RPL23A,1
RPS4Y1,RPS18,1
RPLP2,RPL13A,1
RPS24,EIF3E,1
RPS7,RPS9,1
RPL9,RPL27A,1
PABPC1,RPSAP15,1
RPS2,RPS27,1
RPS25,RPL3,1
RPL27,RPLP1,1
RPL23,RPL26,1
RPL23A,PPP1CB,0.0437786
RPS3A,UBA52,1
RPL18A,PPP1CB,0.0424276
MOV10,RPL26,0.0938408
DDX3X,RPL7,0.153901
RPS3A,RPS16,1
RPL27,CFL1,0.0429825
EIF4B,RPL15,0.0443067
EEF1A1,RPS27,1
APOE,HNRNPA1,0.0994867
RPL36A,RPS17,1
RPS3A,EIF3B,1
RPS4Y1,RPLP1,1
RPS20,RPS25,1
RPS24,YBX1,0.0544457
PABPC4,HNRNPA1,0.0504585
RPS27,RPL14,1
RPS4X,RPS26,1
RPS28,RPS3A,1
RPL27A,RPL14,1
RPS14,RPS9,1
EIF3H,RPS19,1
RPL13,RPL8,1
EIF3CL,RPS4X,0.0431468
RPS24,RPL8,1
RPS5,RPL23A,1
RPL12,FAU,1
RPS20,RPL26,1
RPL23A,UBA52,1
EIF3G,RPL27A,0.043077
RPS6,EIF4B,1
RPL35,RPS17,1
RPS26,RPL13A,1
RPS24,RPL27,1
RPS13,RPS16,1
EIF4B,RPS27,1
RPL13,RPS18,1
RPLP2,HDLBP,0.0414299
RPL6,RPL30,1
G3BP2,RPLP2,0.0439376
DDX3X,SERBP1,0.049119
ACTB,RPL3,0.114238
RPLP1,RPL8,1
RPL23A,SNORA67,0.117697
RPL22,RPS8,1
RPS26,EIF3I,1
RPS15A,EIF3I,1
RPS3A,RPL27,1
RPL3,RPL10,1
ETF1,RPL7A,1
RPL18A,RPS26,1
RPS3A,HNRNPA2B1,0.272369
HNRNPL,RPL27A,0.052937
RPS4Y1,RPSAP15,1
RPS9,EIF3I,1
RPS3,RPSAP15,1
EIF3CL,RPL18,0.0420883
RPS17,RPL5,1
PABPC4,EEF1A1,0.118296
RPS7,PCBP2,0.0732573
EIF3H,RPS8,1
EIF3CL,RPL9P7,0.0441112
RPL37A,MOV10,0.122827
PPIA,RPL19,0.0435478
RPLP2,UBA52,1
RPL35,RPL9P7,1
RPL38,RPL15,1
RPL12,HDLBP,0.0415421
RPL6,RPL9,1
RPS24,HNRNPA2B1,0.0541948
PCBP2,RPS15A,0.0698783
ACTB,RPLP2,0.401385
RPL7A,RPL10,1
RPL7,EIF3I,0.0551754
EIF5B,RPL19,1
RPS16,RPSAP15,1
RPS6,PGK1,0.206531
EIF3E,RPL23,0.0576123
IGF2BP1,RPL4,0.126608
UPF1,RPL28,0.0496574
RPL38,RPS20,1
RPS11,RPL8,1
RPL26,RPS19,1
RPL19,RPS12,1
RPS27,RPL19,1
RPLP1,RPSAP15,1
EIF3B,RPL18,0.15894
EIF3E,RPS4X,1
RPS11,RPS4Y1,1
RPS14,RPS21,1
EGFR,RPL18,0.042527
RPL6,FAU,1
RPS7,RPLP2,1
RPL21,PPP1CB,0.0440836
RPL6,EIF4G1,0.0413105
PABPC4,RPL7A,0.0476594
RPL9,PEBP1,0.0698065
RPS11,SNORA67,1
EIF3H,RPS29,1
RPLP2,RPL35A,1
RPL26,RPL28,1
ACTB,RPL13A,0.0458483
RPL13,RPL23A,1
RPL35A,RPS26,1
RPS13,RPL12,1
HNRNPA1,EEF2,0.285217
RPS21,FAU,1
IGF2BP1,RPS26,0.0485531
RPL3,FAU,1
HNRNPA1,EEF1A1,0.265072
RPS3,RPL21,1
RPS2,RPS8,1
RPS14,EIF4H,1
RPL36A,RPL9P7,1
RPL13,RPS26,1
RPLP0,HDLBP,0.0417526
RPLP1,EIF3I,0.0586355
EIF3CL,RPLP2,0.130447
RPL21,RPL18,1
RPL38,RPL4,1
RPS6,HNRNPL,0.0510217
EGFR,RPS16,0.0434758
RPSAP15,RPL21,1
HNRNPA1,RPL11,0.153241
RPL14,RPS18,1
RPS27,EIF3I,1
RPL24,RPS18,1
RPS11,RPS15A,1
RPS27A,RPL27,1
RPL14,RPL10,1
RPS17,RPL28,1
RPL23,EIF5B,1
RPL4,RPS4X,1
RPS21,RPL21,1
RPS16,EIF3E,1
ACTB,RPL35A,0.040516
EIF3E,EIF3I,1
RPS27A,RPS26,1
ANXA1,RPS12,0.0845491
RPL6,RPS9,1
G3BP1,RPL7A,0.041902
RPL5,EIF5B,1
RPL13,RPS20,1
RPL23,RPL21,1
RPS29,RPL13A,1
EIF3CL,RPS5,0.0428156
RPL13A,RPS26,1
G3BP2,RPLP1,0.0482226
RPS11,EIF3I,1
RPS13,HDLBP,0.0414477
IGF2BP2,PUF60,1
EIF5B,RPL10,1
RPS18,RPL30,1
ETF1,RPS27,1
G3BP2,EIF4B,0.0478012
RPS27A,RPS21,1
RPL38,RPL27A,1
HNRNPA0,RPL6,0.0427591
RPS15,EEF1A1,1
RPL13,RPL7,1
EIF3H,PGK1,0.119393
RPL9P7,RPS27,1
RPL35,RPS21,1
RPS6,RPS18,1
HNRNPA2B1,RPL35,0.0428278
ETF1,RPL28,1
HNRNPA2B1,CFL1,0.14933
RPS13,PCBP2,0.0702928
PABPC4,RPL3,0.047921
EIF4B,RPS4X,1
RPL9P7,FAU,1
PPIA,RPL35A,0.152378
ACTB,RPS4X,0.444081
PPIA,RPS8,0.14823
RPL7A,RPL5,1
RPS17,RPS23,1
RPL23A,RPS27,1
EGFR,RPL24,0.0433014
RPS4Y1,RPL22,1
RPL36,RPS28,1
RPS14,RPS4Y1,1
RPS3,RPL12,1
RPL23,RPLP2,1
RPL10A,RPL26,1
EIF3E,UBA52,0.0536895
RPL18A,HDLBP,0.0411213
RPL37A,RPL28,1
RPL23,RPS26,1
EIF3B,YBX1,0.0564294
RPL9P7,RPL12,1
RPL9,RPL18,1
RPL37A,IGF2BP1,0.0497161
RPL18,RPL30,1
HNRNPA1,RPLP1,0.192628
RPS3,RPL11,1
RPL37A,EEF1A1,1
EIF4G1,RPS15A,1
ACTB,RPS7,0.130657
RPL37A,RPS18,1
RPL18A,RPS23,1
RPS2,PCBP2,0.0718801
RPLP2,RPL14,1
RPL38,RPL10A,1
RPS19,EEF2,0.139559
RPL18A,RPS15A,1
RPS8,RPL8,1
RPL4,FAU,1
RPS27A,PPIA,0.152083
RPL13,SNORA67,0.136918
RPL22,RPS29,1
RPS5,RPS26,1
RPL9,RPL12,1
EIF3G,RPL14,0.0433292
RPL23A,RPL3,1
STIP1,RPS3,0.0487852
RPL21,RPL12,1
RPS3A,YBX1,0.431678
RPL18A,RPL28,1
RPLP1,YWHAZ,1
RPL13,RPL26,1
HNRNPA0,RPL14,0.04402
RPL6,RPL26,1
EIF3CL,RPL13,0.0433472
RPL36,RPS5,1
RPL3,RPL27A,1
RPS20,RPS29,1
MOV10,EEF1A1,0.0735947
EIF4G1,RPL27,0.0416264
RPS13,RPL4,1
HNRNPL,RPL9,0.0705584
HNRNPA2B1,RPL27A,0.0439041
HNRNPA2B1,RPL23A,0.0436084
ACTB,RPL18,0.134784
RPL24,RPL23,1
RPS11,RPLP1,1
EGFR,PPP1CB,0.0448604
EIF4B,EIF3H,1
RPS24,FAU,1
RPL13,RPL27A,1
UPF1,RPSAP15,0.0412446
RPS11,RPL9P7,1
RPLP1,RPL28,1
RPS3,RPS7,1
RPL13,YBX1,0.161389
CFL1,RPL14,0.0431698
MOV10,RPL35,0.100573
ACTR2,RPL23A,0.0461659
RPS14,RPS27,1
RPL38,RPS2,1
RPL23A,RPL5,1
HNRNPL,RPSAP15,0.0627755
RPS5,DDX1,0.0560424
GPI,SNORA67,0.203387
RPL31,RPL15,1
RPS24,RPL21,1
RPL19,RPS15A,1
RPS28,HNRNPA2B1,0.0464897
RPL31,PPP1CB,0.0434888
RPL11,PPP1CC,0.0409105
RPS7,RPS15A,1
UPF1,HDLBP,0.0420839
PABPC1,RPS12,1
RPS25,RPSAP15,1
RPL13,RPSAP15,1
RPS10,RPL12,1
RPS28,RPL22,1
PCBP2,RPL4,0.0647371
RPL35,RPS9,1
RPL37A,RPL6,1
RPL11,RPS25,1
RPS26,RPL30,1
RPS13,RPL24,1
RPLP0,RPS19,1
RPL13,RPLP2,1
RPS9,RPS27,1
EIF3CL,RPL27,0.0433287
RPL18A,RPS9,1
RPLP0,HNRNPA1,0.146651
RPS10,RPS27,1
RPS11,RPL23A,1
ACTB,RPL22,0.309054
RPL37A,RPS8,1
RPS17,DDX3X,0.0415756
HNRNPL,RPL30,0.0622408
RPS10,RPL4,1
RPL6,SNORA67,0.0400734
RPS2,DDX1,0.0587834
RPL31,RPS28,1
RPL11,CFL1,0.0421988
RPSAP15,RPS27,1
RPL12,RPS27,1
RPS16,RPLP2,1
RPL23A,RPS15,1
RPS10,RPS21,1
RPS17,RPL26,1
RPL6,RPS20,1
RPL9P7,RPL28,1
RPS15,RPS12,1
HDLBP,RPL13A,0.0412156
RPS2,YBX1,0.178111
RPLP0,RPS21,1
RPS3,RPL23A,1
RPL19,SNORA67,0.0405495
PABPC4,RPL7,0.0501814
MOV10,RPL24,0.0990789
EIF3B,RPS20,1
RPS16,HNRNPA1,0.0441374
RPS5,RPS19,1
HNRNPA1,RPS26,0.0458964
ACTB,RPL31,0.373945
RPLP0,IGF2BP1,0.133293
EIF4G1,RPL19,0.0413091
RPS13,RPS27,1
PGK1,RPL10,0.042207
RPS24,RPS29,1
UPF1,RPL12,0.0470298
RPS23,RPL13,1
RPS10,RPS4Y1,1
EIF4G1,EIF3I,1
RPL14,UBA52,1
RPS14,DDX1,0.217187
RPS4Y1,RPS17,1
RPS21,EIF3I,1
YBX1,RPL35A,0.13735
RPL6,YWHAZ,1
RPL27,RPS26,1
RPL9P7,RPL8,1
RPS10,RPL27A,1
RPS17,CFL1,0.0425799
PPIA,RPS25,0.0465547
RPL35,RPL12,1
PABPC1,RPL19,0.252603
DDX1,EIF4B,0.0444777
RPS16,RPL5,1
RPS23,EIF4G1,1
HNRNPA2B1,ANXA1,0.0731746
UPF1,RPL4,0.128483
RPL3,RPL12,1
RPS20,RPS15,1
RPS3A,EEF1A1,1
RPS24,RPS21,1
RPL37A,RPS27,1
RPS16,RPL13A,1
RPS19,RPS26,1
PABPC4,RPS19,0.051579
RPLP0,RPL4,1
RPLP0,EIF3E,0.0537399
EIF5B,RPS8,1
RPL10A,RPS18,1
RPS3A,RPL27A,1
RPS17,RPS21,1
G3BP2,CFL1,0.0448386
EIF3CL,RPS27A,0.0432085
EEF1A1,RPS8,1
RPS11,EIF3B,1
EGFR,RPS14,0.195003
EIF3G,RPS26,1
EIF4B,RPL35,0.044156
RPL36,RPS16,1
ATXN2L,CAPRIN1,0.114941
RPL31,RPS18,1
RPL30,PPP1CB,0.0427647
RPS3A,RPL14,1
RPS10,HNRNPA2B1,0.0564047
RPS2,RPL22,1
RPL26,RPS29,1
RPS19,EIF3I,1
RPL23A,RPS29,1
RPS5,RPL22,1
RPLP2,PPP1CB,0.172402
EIF3CL,RPS24,0.0448196
RPS15,RPL23,1
EEF2,RPS26,0.171032
RPL22,CFL1,0.0465123
RPS3,RPL5,1
RPL15,RPL18,1
RPL22,RPL7,1
RPS25,RPS12,1
DDX3X,PUF60,1
RPL10A,FAU,1
RPL18A,EIF4G1,0.0414057
EIF3B,RPS4Y1,1
RPS5,EIF3G,1
IGF2BP1,YBX1,0.308011
EIF5B,RPS4X,1
RPS17,RPS12,1
HNRNPA0,CFL1,0.0432249
STIP1,RPS13,0.0488425
RPS28,EIF3G,1
RPS3,YWHAZ,1
EIF3CL,RPS13,0.0422921
RPL13,EIF3B,0.0424994
RPS15,RPL3,1
RPS17,RPS11,1
ACTR2,PPIA,0.047149
RPLP0,RPS29,1
RPL13,RPS27,1
RPSAP15,RPL12,1
RPS26,EEF2,0.171032
RPL10A,RPL27,1
RPLP0,RPS4X,1
YBX1,SYNCRIP,0.0558838
RPS10,RPL13,1
APOE,DDX1,0.103598
RPS16,EEF2,0.165829
RPL5,YWHAZ,1
RPS3,GSPT1,0.0431328
RPS24,RPL9P7,1
RPL9,RPS20,1
EIF3CL,RPL4,0.0436857
RPS28,RPL27,1
RPS27A,RPS27,1
RPS3,RPLP0,1
EIF3G,EEF1A1,0.0423631
RPL6,RPL7,1
RPS2,RPL12,1
RPLP0,RPL35A,1
RPS28,PPP1CB,0.0473901
RPS3A,RPS9,1
RPL35,RPL13A,1
RPL38,RPS27,1
EIF3E,SNORA67,1
HNRNPA1,RPS19,0.327906
RPS6,RPS4Y1,1
RPL27,UBA52,1
RPS6,RPS17,1
RPLP0,RPS15A,1
RPL36A,RPL31,1
RPS3,CFL1,0.127282
RPL4,YBX1,0.265106
RPL23,RPL10,1
RPS6,PABPC1,1
EIF4B,RPL3,0.0440029
RPL37A,RPS23,1
ACTR2,RPL12,0.0446274
RPS27,RPS15A,1
RPS27,RPL8,1
GPI,RPL4,0.0441003
EIF3G,RPS4X,1
DDX3X,RPLP2,0.0412579
RPS24,UBA52,1
RPL10A,RPLP2,1
HNRNPA2B1,RPS12,0.061043
RPL18A,EGFR,0.0417323
RPL19,RPL13A,1
RPL9,RPL21,1
RPL36,RPL30,1
RPL23,SERBP1,0.061829
RPS6,RPL10,1
RPL38,RPL21,1
RPL9,RPS27,1
RPS3,RPS26,1
PPIA,RPL18,0.150963
RPL31,RPS3A,1
RPS10,RPL26,1
RPS9,EIF4H,1
RPL35,RPL23,1
RPL10A,PABPC1,0.133748
RPS25,RPL7,1
RPL23,RPL7,1
ETF1,EIF3I,0.132771
RPS2,RPL35,1
EEF1A1,FAU,1
RPL9P7,RPSAP15,1
RPS6,RPL21,1
RPS9,RPSAP15,1
RPLP0,EIF5B,1
HNRNPA1,ANXA1,0.073047
RPS13,CFL1,0.128218
G3BP2,SERBP1,0.0602994
RPL35,RPL21,1
RPS8,RPL28,1
FAU,RPL13A,1
EEF1A1,ANXA1,0.091955
RPLP0,SNORA67,0.0398837
RPS3,SERBP1,0.0465418
EIF3E,RPL7,0.0563578
RPS29,EIF3I,1
HNRNPL,RPL14,0.0529519
RPL9P7,EIF5B,1
HNRNPL,SYNCRIP,0.0692309
RPS3A,RPL23,1
RPS3,RPL35,1
RPL31,HNRNPA1,0.143556
RPS25,RPS21,1
RPS19,RPS12,1
EIF3B,RPS25,1
RPS17,EIF5B,1
EIF3B,RPS4X,1
EIF3B,RPL27A,0.0425353
EIF3B,ANXA1,0.0745872
RPSAP15,RPS27,1
RPL36A,RPS16,1
RPS7,RPL19,1
PCBP2,RPL35,0.0744609
RPL18A,RPL9P7,1
CSDE1,PABPC1,0.375552
RPS28,RPL9P7,1
RPL11,RPL12,1
RPL9,RPS18,1
RPS4Y1,RPL3,1
RPL36,ACTR2,0.0447313
EIF3G,RPL18,0.0430541
RPL38,RPL9P7,1
RPS3A,RPL8,1
RPLP0,RPL13A,1
RPS15,RPL13A,1
PABPC1,RPS26,1
PPIA,SNORA67,0.0434609
RPL26,RPS12,1
RPLP0,RPLP2,1
RPS2,RPS4Y1,1
RPL5,UBA52,1
RPL22,EIF5B,1
RPL10A,HDLBP,0.0415417
RPS21,RPL19,1
EIF4G1,RPS4X,1
PGK1,RPS27,0.0724571
RPL6,RPL27A,1
RAB7A,EEF2,0.120687
RPL24,RPL8,1
EIF4B,RPS18,1
RPS28,RPL5,1
RPS27,RPL13A,1
RPS17,RPL14,1
DDX3X,RPL30,0.140744
RPS5,HNRNPA1,0.0434478
RPS27A,ETF1,1
EIF3E,RPS29,1
ACTB,RPS18,0.267233
RPL10A,RPL21,1
RPSAP15,RPS18,1
RPS28,RPL19,1
RPS8,RPS29,1
DDX1,RPL18,0.0427796
RPL36A,RPS9,1
RPL37A,RPS25,1
RPS27A,EIF4G1,1
DDX1,RPS12,0.0940168
RPL27A,RPS19,1
RPS7,RPS19,1
RPS2,RPS18,1
RPL27A,RPL26,1
RPS15A,RPS26,1
HNRNPA2B1,IGF2BP1,0.0435525
UBA52,RPL7,1
EIF4B,PABPC1,1
RPS27,SNORA67,1
STIP1,RPS18,0.0509577
HNRNPA1,RPS26,0.0458964
RPL36A,RPS23,1
RPL9P7,RPS15A,1
RPS9,RPS8,1
RPS27,RPL28,1
ACTB,HNRNPA2B1,0.393587
RPS15A,RPL14,1
MOV10,RPS3,0.0823917
RPL5,RPL23,1
RPS24,RPL13,1
RPL6,DDX1,0.0423446
RPL23A,RPS12,1
RPL22,EIF3E,0.0578857
RPS23,EIF3E,1
RPS25,RPL27A,1
RPS24,RPL7,1
RPS5,PABPC1,1
RPS17,RPS19,1
RPL19,RPS18,1
RPS27A,HDLBP,0.0425286
RPL23A,RPL12,1
RPL22,FAU,1
UPF1,RPL19,0.0487249
RPS13,HNRNPL,0.0513553
RPL27A,RPL12,1
RPL37A,RPL38,1
RPS3,RPS2,1
RPL9,RPS25,1
RPS26,EIF4H,1
RPL13,RPS27,1
RPLP1,ANXA1,0.0773331
EIF3CL,RPL8,0.0438063
EIF4B,RPS8,1
RPS15,EIF3G,1
RPL24,RPL11,1
HNRNPA0,SERBP1,0.0543995
HNRNPA1,PPIA,0.191816
RPL35A,EIF3I,0.040685
RPL22,UBA52,1
UBA52,RPL30,1
RPLP1,RPL12,1
EIF3H,EIF3I,1
RPS24,RPL35,1
RPS17,RPS24,1
RPL11,RPS19,1
RPS11,RPS26,1
ETF1,RPS26,1
RPL11,EIF3E,0.0552115
RPL5,RPL15,1
ACTR2,RPL23,0.0455848
RPS8,EIF4H,1
RPS6,HNRNPA1,0.0424161
RPS25,RPL28,1
RPL27A,EIF3I,0.0406875
DDX3X,EEF1A1,0.119287
HNRNPA0,RPL22,0.0447496
RPL31,EIF4B,0.0444203
RPL6,EIF4B,0.0446914
RPS6,EIF3G,1
G3BP1,RPL4,0.0547459
RPS15,FAU,1
EIF3H,FAU,1
RPL23,RPL27A,1
RPS27,RPL7,1
RPL18A,RPL6,1
RPSAP15,RPL35A,1
EIF3B,RPS17,1
RPS11,RPS27A,1
IGF2BP1,RPL35A,0.135471
RPS21,EIF4H,1
IGF2BP1,RPS18,0.0458638
RPS28,RPS19,1
G3BP1,EIF4B,0.0445786
RPS26,RPL10,1
RPLP0,RPS17,1
RPS24,RPL9,1
RPS15A,YBX1,0.0459091
PABPC4,RPL12,0.0487399
RPS4X,RPL8,1
RPS10,RPS26,1
RPL18A,RPS27,1
RPL9P7,PEBP1,0.0698065
RPL3,PGK1,0.132437
MOV10,RPL13A,0.0998641
G3BP2,RPL18,0.0443261
RPL31,RPL26,1
HNRNPA1,RPS8,0.279019
RPS2,PGK1,0.192518
DDX1,RPS21,0.09454
ETF1,EIF3B,0.144716
EIF4B,RPLP2,0.138195
EIF3CL,SNORA67,0.041894
RPL23A,EIF3I,0.0405827
RPS13,ETF1,1
EGFR,RPL23,0.0432355
RPL15,RPS27,1
PPIA,RPL27A,0.0453266
RPS16,PPP1CB,0.0447321
RPL22,RPL21,1
RPL22,RPLP2,1
RPLP0,CFL1,0.0417624
RPS13,RPL13A,1
CFL1,RPL28,0.0455639
RPS4Y1,RPS19,1
RPL23,RPL28,1
RPL21,RPL10,1
PABPC4,RPS13,0.0481403
RPS2,RPS14,1
HNRNPA2B1,RPS17,0.0426062
RPS11,EIF4G1,1
RPL36A,RPS28,1
RPL37A,RPL10,1
RPL7A,RPL23A,1
DDX1,RPS4X,0.0564758
EIF4G1,RPL30,0.0409049
CFL1,RPL10,0.0429486
PABPC4,RPL22,0.0533388
CSDE1,SYNCRIP,0.425655
RPS3A,RPS8,1
RPS14,EIF3G,1
RPL7A,PABPC1,0.235871
RPL31,RPL9,1
RPS24,RPL10,1
RPS10,ETF1,1
RPS16,HNRNPA2B1,0.0442717
RPS7,RPL10,1
ACTR2,PABPC1,0.0441168
EEF2,RPS12,0.139593
RPS7,RPL24,1
RPLP1,RPLP2,1
RPS24,RPS19,1
RPL19,RPL10,1
RPS3,HNRNPL,0.05014
RPL18A,RPL13,1
RPL4,RPS15A,1
RPS25,RPL21,1
RPS27A,EEF1A1,1
STIP1,RPS15A,0.0494223
RPL11,RPS26,1
RPL37A,RPL7,1
RPL35,RPS29,1
RPL36,RPL7A,1
G3BP1,UBA52,0.0415069
RPS10,RPL21,1
ATP1A1,EEF1A1,0.0438262
RPL18A,RPL10,1
EIF4B,RPS25,1
RPL31,SERBP1,0.0493257
EIF3CL,EIF3B,0.61947
RPL18,RPS12,1
EIF3CL,RPS6,0.0421209
EIF4B,RPS4Y1,1
HNRNPL,RPS20,0.063404
RPL26,GSPT1,0.043627
RPS9,RPS29,1
RPS3,RPS20,1
RPS7,HNRNPL,0.0506941
RPL3,RPS4X,1
EEF1A1,RPL35A,1
RPS23,RPS3A,1
RPL22,RPL10,1
RPS17,RPL24,1
RPS25,RPS18,1
HNRNPA0,RPS7,0.0429436
RPL10A,RPLP1,1
RPS2,RPS27A,1
RPS27A,RPL35,1
RPL5,RPL30,1
GPI,RPL19,0.0444029
RPL36,DDX3X,0.041138
DDX1,RPL28,0.192863
RPL23A,RPS26,1
RPL35,EEF1A1,1
SNORA67,EEF2,0.440374
ACTB,PABPC1,0.346942
DDX1,RPL21,0.0432155
RPL9,RPLP2,1
RPL36,RPS8,1
RPS10,RPS26,1
RPS6,RPS19,1
RPL4,RPL8,1
RPS10,RPL7A,1
RPLP2,RPS15A,1
ACTB,RPS2,0.345726
RPS9,RPL13A,1
IGF2BP2,RPS17,0.0425972
EIF4B,RPS12,1
HNRNPA1,RPL35,0.0428073
RPL23A,CFL1,0.0432647
RPL24,RPS17,1
RPL31,EEF2,0.402323
RPL36,RPL15,1
RPS2,RPS16,1
RPS8,RPS12,1
EIF4H,RPS26,1
RPL9,RPL3,1
RPL37A,UPF1,0.053004
RPL22,RPL27A,1
RPL27,EIF5B,1
RPS24,RPS27,1
RPS17,RPL3,1
RPL15,RPL7,1
RPL14,RPL30,1
RPS28,RPSAP15,1
RPS5,RPS20,1
CFL1,HDLBP,0.13757
RPL11,RPL27,1
EIF3B,EIF4B,1
RPL23A,RPL13A,1
RPL6,DDX3X,0.144391
RPS10,YBX1,0.0565037
RPS7,RPSAP15,1
RPL9,RPS19,1
RPS9,EIF3E,1
RPL36A,RPL18,1
RPS11,RPL19,1
RPS23,RPL13A,1
RPL27A,HDLBP,0.0414921
APOE,RPL22,0.104851
RPS7,EEF1A1,1
RPL10A,RPL23A,1
DDX1,HNRNPA1,0.203819
DDX1,RPLP0,0.0418959
RPL13,RPS17,1
STIP1,EIF3I,0.0460373
RPL10A,RPL3,1
HNRNPA2B1,RPS15A,0.0428464
RPL4,PGK1,0.134893
RPL36A,RPL9,1
RPL6,EEF2,0.246207
RPL6,RPS29,1
RPS13,RPS26,1
RPL18A,RPL27A,1
RPS11,RPL27A,1
ACTB,RPL10,0.0395247
HNRNPA2B1,RPS26,0.0458103
MOV10,RPL7,0.0975566
RPS15A,RPS12,1
RPS23,EIF3I,1
RPS5,RPL10,1
RPS16,RPL22,1
RPL36A,RPL11,1
RPL37A,RPL24,1
RPL18A,RPS12,1
RPS3A,CNBP,1
RPS16,RPL10,1
CFL1,RPL27A,0.0438923
RPLP0,EIF3H,0.101901
EIF4B,RPS21,1
RPL35A,RPL7,1
EIF3H,RPS18,1
RPL31,RPL35A,1
HNRNPA0,RPS6,0.0433147
RPS2,CFL1,0.0423945
RPS5,RPL18,1
RPL24,RPL5,1
IGF2BP1,UBA52,0.130198
EIF3CL,PABPC1,0.0424111
RPS19,YBX1,0.305876
EIF3G,RPS18,1
RPS28,RPS2,1
RPL9,RPL4,1
ETF1,EIF4G1,0.0483595
ETF1,RPL5,1
RPL14,RPS29,1
RPL11,RPLP1,1
RPS5,RPS21,1
RPS17,RPL15,1
RPS14,EIF4B,1
G3BP2,RPL21,0.0451324
RPL24,UBA52,1
HNRNPA2B1,RPL28,0.046263
RPL27,HDLBP,0.0415008
RPS16,RPS29,1
RPL38,RPL27,1
RPS17,RPL23A,1
RPS14,RPS19,1
RPL19,RPL21,1
RPL24,RPS27,1
RPL7A,FAU,1
RPS17,RPL18,1
RPL11,PPIA,0.04296
RPL36,EIF3I,0.0406956
RPS24,RPS18,1
RPS25,RPL30,1
RPS17,RPL11,1
RPL36,RPL22,1
RPL36,RPLP2,1
DDX3X,EIF3E,0.362594
RPS28,RPL7,1
RPS23,RPL9P7,1
RPS24,RPS4X,1
RPLP1,RPS18,1
RPL11,PGK1,0.0495663
FAU,RPS26,1
RPL31,RPL21,1
EIF3H,RPS27,1
EIF4H,EIF3I,1
RPS2,RPL26,1
RPS28,RPL21,1
RPL11,RAB7A,0.0430878
SNORA67,RPL12,0.11115
RPS27A,RPS5,1
RPSAP15,RPLP2,1
CFL1,RPL4,0.120309
RPS27A,RPSAP15,1
RPL36A,RPS14,1
RPS24,RPL14,1
RPS14,YBX1,0.0553649
RPL18A,RPL18,1
RPL18A,PCBP2,0.0672484
RPS11,ETF1,1
RPS11,EIF3G,1
RPS3,EIF3B,1
RPL36,UBA52,1
RPL18A,RPL35,1
DDX1,YWHAZ,1
EGFR,RPL7,0.0435795
RPL18,UBA52,1
RPS3,RPL8,1
RPL36,IGF2BP1,0.0421356
RPS17,RPS26,1
RPL3,RPS12,1
RPLP2,RPL7,1
RPL35,CFL1,0.0427621
PPIA,RPS26,0.0473895
RPL31,SNORA67,0.11251
RPS27,RPS12,1
RPL19,EEF2,0.131714
RPL5,EEF2,0.424035
G3BP2,RPL28,0.0489798
DDX3X,RPL12,0.0415227
RPS2,EIF3E,1
RPL24,RPL15,1
RPS8,UBA52,1
RPL27,RPS25,1
RPS4Y1,RPL21,1
ACTB,PPP1CC,0.0608068
RPL6,RPLP2,1
RPL27,RPL28,1
IGF2BP1,EEF1A1,0.272887
RPL31,RPS6,1
RPS19,RPS15A,1
RPL23A,RPL22,1
RPL36,RPL6,1
RPS28,SNORA67,1
HNRNPL,RPL9P7,0.0705584
RPS11,RPL4,1
RPS14,RPS12,1
GPI,RPS13,0.0442813
RPS5,RPL3,1
RPL36,GPI,0.0443118
RPL21,RPS26,1
CFL1,RPL12,0.137432
RPL27,RPL8,1
RPS7,RPL26,1
EEF1A1,RPS18,1
MOV10,RPL23A,0.0952652
RPL22,RPS27,1
RPL13,EIF5B,1
CFL1,RPLP2,0.136667
RPL10A,RPS17,1
PPP1CC,RPL10,0.0408365
RPS3,HDLBP,0.0414554
RPS15,RPS8,1
RPS5,RPL5,1
RPS20,RPL8,1
RPS14,EIF3H,1
EIF5B,RPL18,1
USO1,RAB6C,0.419457
RPL37A,EIF5B,1
EIF3B,FAU,1
EIF5B,RPS27,1
RPL10A,RPS25,1
RPS3,RPL18,1
RPL35,RPL5,1
RPS9,RPL12,1
RPS4X,YBX1,0.359311
RPL31,CFL1,0.14163
RPL6,SYNCRIP,0.0581138
RPL36A,EEF1A1,1
RPS8,RPS4X,1
RPL38,FAU,1
RPL6,RPLP1,1
RPL36,RPS24,1
PPP1CB,RPL7,0.0442877
RPS5,UPF1,0.129714
RPL3,RPS26,1
RPL36A,RPL23,1
RPL7,RPL8,1
RPS3A,RPS17,1
RPL27,RPL5,1
RPS9,FAU,1
RPS25,RPLP2,1
G3BP1,RPS27A,0.0414395
RPS17,EIF3H,1
EGFR,RPL30,0.042016
RPL37A,RPS19,1
SNORA67,RPS12,1
RPS3,UPF1,0.173243
RPS13,RPS12,1
RPS3,RPS24,1
EIF4G1,FAU,1
RPL27A,RPL18,1
RPS7,RPS17,1
EIF3CL,RPS15A,0.0428041
RPS3A,RPS15A,1
RPS10,RPL23,1
RPS4X,RPS29,1
RPL23,RPS27,1
RPS13,PGK1,0.0414008
RPS17,RPL19,1
HNRNPL,RPS9,0.0521092
YWHAZ,CFL1,1
RPS25,RPS9,1
RPL31,RPL10,1
RPS13,RPL3,1
RPS25,RPS19,1
RPS26,RPL8,1
RPS27,EEF2,0.0630217
RPL11,RPS26,1
RPSAP15,RPL7,1
RPS27A,RPL5,1
RPS5,RPS26,1
HNRNPA2B1,HNRNPA1,1
RPS3,RPL7,1
CFL1,RPS26,0.0452433
PABPC1,RPL4,0.403191
RPL27,RPS4X,1
RPL37A,RPL21,1
RPS17,RPL13,1
RPS5,CFL1,0.0434206
GPI,RPL6,0.043852
DDX3X,PABPC1,0.146057
IGF2BP2,SNORA67,0.0465991
RPS23,RPLP1,1
RPL10A,PPP1CC,0.0416637
RPS7,HNRNPA2B1,0.151415
RPS14,RPL30,1
RPL3,SERBP1,0.0474761
RPL19,YBX1,0.142909
RPL38,RPL6,1
IGF2BP1,CCT3,0.0460262
EIF4G1,PABPC1,1
RPL36A,RPL19,1
EEF1A1,RPL26,1
RPS27A,PABPC1,1
IGF2BP2,UBA52,0.042115
RPL13,ATP1A1,0.0481039
RPS28,RPL6,1
RPL18A,RPLP1,1
RPL27,RPS15A,1
G3BP2,UBA52,0.0429128
EIF3H,RPL7,0.106955
RPS17,RPL30,1
ACTR2,RPS5,0.0459849
RPS8,RPL7,1
RPS6,RPL23A,1
PPIA,EEF2,0.045239
EIF3B,RPS27,1
G3BP2,RPS27A,0.0427072
RPS17,PABPC4,0.0491345
RPS28,RPL3,1
RPS8,ANXA1,0.0665886
RPL35,RPL27A,1
HNRNPA2B1,EIF4B,0.0452066
PCBP2,RPL15,0.0765471
RPL35,RPL18,1
RPL30,RPS27,1
RPS10,HDLBP,0.0428548
PABPC1,RPS19,1
RPL7A,SERBP1,0.0479634
EIF3G,FAU,1
RPL27,RPL3,1
PCBP2,HNRNPA1,1
DDX1,RPL30,0.0565552
RPL31,STIP1,0.0495402
DDX1,UBA52,0.0420282
RPL9P7,YBX1,0.0610375
RPL11,RPL27A,1
RPS17,RPL31,1
RPL36A,RPL5,1
EEF1A1,RPS29,1
RPS13,RPS27,1
YBX1,SND1,0.14935
RPLP2,YBX1,0.0426767
RPL18A,ETF1,1
RPL9P7,RPS4X,1
HNRNPA1,RPS9,0.160874
RPS14,RPL10A,1
EIF4G1,SNORA67,1
RPL22,RPSAP15,1
HNRNPA2B1,RPL11,0.152696
UBA52,RPL10,1
RPL37A,RPS21,1
RPL13,RPL13A,1
RPL37A,PABPC1,0.0507447
RPL21,RPS4X,1
RPL37A,RPS16,1
RPS3A,RPLP1,1
RPS26,RPL10,1
RPL5,EIF3H,0.10422
RPL24,UPF1,0.0479019
RPS14,SNORA67,1
EIF4B,RPL28,0.0465043
G3BP1,LSM14A,0.107467
RPL4,HDLBP,0.04159
ETF1,RPS15A,1
RPL13A,EIF3I,1
RPS11,RPS27,1
RPL36A,RPS17,1
RPS6,EIF5B,1
RPS20,RPL23,1
RPL13,RPL10,1
EIF4G1,RPS18,1
RPL23A,RPL26,1
RPS13,RPS15,1
RPL36,RPS6,1
EIF3B,EIF3H,1
RPL5,RPLP1,1
RPS23,EIF4H,1
RPL18A,CFL1,0.0423642
RPS17,RPS9,1
MOV10,RPL15,0.0987237
SNORA67,CCT3,0.165641
EIF3CL,RPL13A,0.0430876
RPL7A,RPL35A,1
PABPC1,GSPT1,1
PPIA,RPLP1,0.0459221
RPL23A,RPLP2,1
MOV10,PUF60,1
RPL36,RPL26,1
SNORA67,EIF3I,1
EEF2,PPP1CB,0.0424429
RPL3,RPL30,1
RPL10A,RPS29,1
RPS3,PATL1,0.0414613
RPLP0,UBA52,1
RPL36,RPS2,1
RPL27,RPS17,1
RPL31,RPL30,1
RPS3,EIF4B,1
RPL12,RPS18,1
RPL37A,RPL14,1
RPL36A,RPS10,1
RPL12,SYNCRIP,0.0556212
RPS2,RPL24,1
RPL38,RPL3,1
RPL22,RPS25,1
RPL38,RPS13,1
RPS2,RPL10A,1
RPS13,EIF5B,1
EIF4B,YWHAZ,0.0418063
RPS7,RPL9,1
RPL31,RPL9P7,1
RPL31,RPL35,1
RPLP0,RPL22,1
RPL18A,PPIA,0.0431973
EIF4G1,RPS27,1
RPS11,RPL13,1
RPS13,EIF3B,1
RPLP2,RPL15,1
RPL37A,RPS11,1
RPL37A,RPL4,1
RPS23,RPS12,1
IGF2BP1,RPL11,0.137048
RPL9,RPL8,1
RPS15,RPL28,1
ACTB,RAB1A,0.042707
RPS3A,RPL23A,1
RPL31,ACTR2,0.0446555
RPS13,PPIA,0.0458637
IGF2BP1,RPL27A,0.046929
RPL18A,RPL31,1
RPS3,RPL9P7,1
IGF2BP1,EIF3I,0.046529
RPL36,EGFR,0.0426099
ACTB,RPS15,0.0504403
RPS24,ANXA1,0.0714165
RPL27A,RPS29,1
RPS18,RPL8,1
RPL27,RPL18,1
HDLBP,EIF3I,0.0445744
RPS14,PPIA,0.0441391
IGF2BP2,CCT3,0.0502077
RPS17,HNRNPA2B1,0.0426062
FAU,RPL8,1
RPL12,UBA52,1
RPS25,SNORA67,1
RPL31,RPS2,1
RPS3,HNRNPA2B1,0.279975
RPLP0,DDX3X,0.139734
RPL35,RPL14,1
DDX3X,RPS18,0.0516415
RPS16,RPL24,1
RPS10,RPL10,1
RPS25,EEF2,0.259949
PPP1CB,RPL8,0.058917
ETF1,RPS19,1
RPS3A,UPF1,0.0466231
ATXN2L,STOM,0.160701
RPL18A,RPS16,1
DDX3X,RPL18,0.146614
EIF5B,RPL14,1
GPI,RPL27,0.0447044
RPL23,RPL3,1
HNRNPA2B1,RPL26,0.135507
G3BP1,RPL6,0.0423598
RPL28,RPS18,1
RPS16,PABPC1,1
RPL37A,PCBP2,0.0862837
RPL28,RPL14,1
RPL36A,RPL13,1
EIF3CL,RPL23A,0.042694
RPL23A,RPL18,1
RPS20,RPS17,1
YWHAZ,PGK1,1
RPS3,EIF4H,1
RPS28,RPL15,1
RPL6,RPL24,1
ETF1,RPL35A,1
RPL35,RPL35A,1
RPL4,RPS26,1
RPS16,RPS4Y1,1
RPS3,RPL30,1
RPL27,RPS9,1
PGK1,UBA52,0.335935
RPL6,RPL14,1
RPL24,RPS26,1
RPL31,RPL4,1
RPS11,RPS25,1
RPS17,RPL21,1
RPL11,RPL4,1
RPS10,RPL10A,1
RPL27,RPL15,1
RPS27,EIF3I,1
RPL38,RPS29,1
RPL27A,RPS18,1
PFN1,CFL1,0.162022
RPS5,EIF4B,1
ACTB,DDX3X,0.129977
UPF1,RPL18,0.0470752
RPL27,PGK1,0.041916
HNRNPA2B1,RPL12,0.142642
ACTR2,RPL35A,0.0447313
RPL7A,EIF4G1,0.041474
RPS24,RPS9,1
RPL37A,RPS4Y1,1
DDX1,RPL7A,0.0420822
RPS27A,RPS15,1
SERBP1,EEF2,0.0473632
RPS3A,RPLP0,1
RPL21,RPL35A,1
RPL36,FAU,1
RPS3A,RPL11,1
EIF4B,RPS15A,1
STIP1,RPL9P7,0.0547829
RPLP0,RPL9,1
IGF2BP1,RPL35,0.14676
RPS20,RPL13A,1
RPL13,PGK1,0.282596
DDX1,RPL15,0.0431894
YWHAZ,UBA52,1
PABPC1,EEF2,0.323683
RPL13,RPL3,1
ACTB,PATL1,0.0500011
RPL36A,RPS8,1
RPS15,EIF3H,1
RPL31,SYNCRIP,0.0537732
EIF3B,RPS27,1
RPS23,SNORA67,1
EIF4B,RPLP1,0.0487974
ACTB,EEF2,0.394863
RPS24,DDX3X,0.0526819
RPS14,RPL14,1
RPS4Y1,RPS4X,1
RPS5,RPS15A,1
RPS3,RPS3A,1
RPS14,RPS15,1
RPL36,RPS10,1
RPS25,EEF1A1,1
RPL15,RPL30,1
RPL21,RPS15A,1
RPS5,UBA52,1
RPS19,RPL18,1
RPL9,RPS8,1
RPS7,RPL14,1
RPL5,RPL18,1
RPL10A,RPL5,1
YBX1,EEF2,0.175292
YBX1,RPS26,0.0491605
RPS10,RPS15A,1
ACTB,RPS8,0.310717
SERBP1,RPL28,0.0564319
RPL37A,RPS26,1
ACTR2,RPL4,0.043882
RPS6,IGF2BP1,0.141282
RPL36,RPL7,1
RPL27A,PGK1,0.14094
RPS27A,RPS9,1
RPL37A,RPL5,1
RPS27A,RPS7,1
RPS11,RPL22,1
EIF3G,RPL4,0.0429167
RPS27A,RPS8,1
RPL30,RPL10,1
RPS27A,RPS24,1
RPS2,RPL3,1
RPL24,YBX1,0.0474962
RPS2,EIF3G,1
RPS17,RPS26,1
RPL24,RPL7,1
RPL13,HNRNPL,0.197692
RPL6,UPF1,0.0477598
ACTR2,RPS18,0.0453609
RPL27,RPS12,1
RPS2,EEF2,0.29365
RPL35A,PPP1CB,0.0434652
RPL10A,RPSAP15,1
RPS3,PPP1CC,0.0523519
RPS3A,DDX3X,0.267504
EEF1A1,RPL19,1
PABPC1,FAU,1
RPL18A,RPL38,1
RPS17,RPS4Y1,1
ACTR2,RPL21,0.0450635
RPS17,RPL3,1
RPL37A,RPL15,1
RPS14,RPL13A,1
